promo;active
严涡ZOO;1
严涡ZOO;1
严涡ZOO;1
严涡ZOO;1
严涡ZOO;1
严涡ZOO;1
严涡ZOO;1
严涡ZOO;1
严涡ZOO;1
严涡ZOO;1
严涡ZOO;1
严涡ZOO;1
严涡ZOO;1
严涡ZOO;1
严涡ZOO;1
严涡ZOO;1
严涡ZOO;1
严涡ZOO;1
严涡ZOO;1
严涡ZOO;1
严涡ZOO;1
严涡ZOO;1
严涡ZOO;1
严涡ZOO;1
严涡ZOO;1
严涡ZOO;1
严涡ZOO;1
严涡ZOO;1
严涡ZOO;1
严涡ZOO;1
严涡ZOO;1
严涡ZOO;1
严涡ZOO;1
严涡ZOO;1
严涡ZOO;1
严涡ZOO;1
严涡ZOO;1
严涡ZOO;1
严涡ZOO;1
严涡ZOO;1
严涡ZOO;1
严涡ZOO;1
严涡ZOO;1
严涡ZOO;1
严涡ZOO;1
严涡ZOO;1
严涡ZOO;1
严涡ZOO;1
严涡ZOO;1
严涡ZOO;1
严涡ZOO;1
严涡ZOO;1
严涡ZOO;1
严涡ZOO;1
严涡ZOO;1
严涡ZOO;1
严涡ZOO;1
严涡ZOO;1
严涡ZOO;1
严涡ZOO;1
严涡ZOO;1
严涡ZOO;1
严涡ZOO;1
严涡ZOO;1
严涡ZOO;1
严涡ZOO;1
严涡ZOO;1
严涡ZOO;1
严涡ZOO;1
严涡ZOO;1
严涡ZOO;1
严涡ZOO;1
严涡ZOO;1
严涡ZOO;1
严涡ZOO;1
严涡ZOO;1
严涡ZOO;1
严涡ZOO;1
严涡ZOO;1
严涡ZOO;1
严涡ZOO;1
严涡ZOO;1
严涡ZOO;1
严涡ZOO;1
严涡ZOO;1
严涡ZOO;1
严涡ZOO;1
严涡ZOO;1
严涡ZOO;1
严涡ZOO;1
严涡ZOO;1
严涡ZOO;1
严涡ZOO;1
严涡ZOO;1
严涡ZOO;1
严涡ZOO;1
严涡ZOO;1
严涡ZOO;1
严涡ZOO;1
严涡ZOO;1
严涡ZOO;1
严涡ZOO;1
严涡ZOO;1
严涡ZOO;1
严涡ZOO;1
严涡ZOO;1
严涡ZOO;1
严涡ZOO;1
严涡ZOO;1
严涡ZOO;1
严涡ZOO;1
严涡ZOO;1
严涡ZOO;1
严涡ZOO;1
严涡ZOO;1
严涡ZOO;1
严涡ZOO;1
严涡ZOO;1
严涡ZOO;1
严涡ZOO;1
严涡ZOO;1
严涡ZOO;1
严涡ZOO;1
严涡ZOO;1
严涡ZOO;1
严涡ZOO;1
严涡ZOO;1
严涡ZOO;1
严涡ZOO;1
严涡ZOO;1
严涡ZOO;1
严涡ZOO;1
严涡ZOO;1
严涡ZOO;1
严涡ZOO;1
严涡ZOO;1
严涡ZOO;1
严涡ZOO;1
严涡ZOO;1
严涡ZOO;1
严涡ZOO;1
严涡ZOO;1
严涡ZOO;1
严涡ZOO;1
严涡ZOO;1
严涡ZOO;1
严涡ZOO;1
严涡ZOO;1
严涡ZOO;1
严涡ZOO;1
严涡ZOO;1
严涡ZOO;1
严涡ZOO;1
严涡ZOO;1
严涡ZOO;1
严涡ZOO;1
严涡ZOO;1
严涡ZOO;1
严涡ZOO;1
严涡ZOO;1
严涡ZOO;1
严涡ZOO;1
严涡ZOO;1
严涡ZOO;1
严涡ZOO;1
严涡ZOO;1
严涡ZOO;1
严涡ZOO;1
严涡ZOO;1
严涡ZOO;1
严涡ZOO;1
严涡ZOO;1
严涡ZOO;1
严涡ZOO;1
严涡ZOO;1
严涡ZOO;1
严涡ZOO;1
严涡ZOO;1
严涡ZOO;1
严涡ZOO;1
严涡ZOO;1
严涡ZOO;1
严涡ZOO;1
严涡ZOO;1
严涡ZOO;1
严涡ZOO;1
严涡ZOO;1
严涡ZOO;1
严涡ZOO;1
严涡ZOO;1
严涡ZOO;1
严涡ZOO;1
严涡ZOO;1
严涡ZOO;1
严涡ZOO;1
严涡ZOO;1
严涡ZOO;1
严涡ZOO;1
严涡ZOO;1
严涡ZOO;1
严涡ZOO;1
严涡ZOO;1
严涡ZOO;1
严涡ZOO;1
严涡ZOO;1
严涡ZOO;1
严涡ZOO;1
严涡ZOO;1
严涡ZOO;1
严涡ZOO;1
严涡ZOO;1
严涡ZOO;1
严涡ZOO;1
严涡ZOO;1
严涡ZOO;1
严涡ZOO;1
严涡ZOO;1
严涡ZOO;1
严涡ZOO;1
严涡ZOO;1
严涡ZOO;1
严涡ZOO;1
严涡ZOO;1
严涡ZOO;1
严涡ZOO;1
严涡ZOO;1
严涡ZOO;1
严涡ZOO;1
严涡ZOO;1
严涡ZOO;1
严涡ZOO;1
严涡ZOO;1
严涡ZOO;1
严涡ZOO;1
严涡ZOO;1
严涡ZOO;1
严涡ZOO;1
严涡ZOO;1
严涡ZOO;1
严涡ZOO;1
严涡ZOO;1
严涡ZOO;1
严涡ZOO;1
严涡ZOO;1
严涡ZOO;1
严涡ZOO;1
严涡ZOO;1
严涡ZOO;1
严涡ZOO;1
严涡ZOO;1
严涡ZOO;1
严涡ZOO;1
严涡ZOO;1
严涡ZOO;1
严涡ZOO;1
严涡ZOO;1
严涡ZOO;1
严涡ZOO;1
严涡ZOO;1
严涡ZOO;1
严涡ZOO;1
严涡ZOO;1
严涡ZOO;1
严涡ZOO;1
严涡ZOO;1
严涡ZOO;1
严涡ZOO;1
严涡ZOO;1
严涡ZOO;1
严涡ZOO;1
严涡ZOO;1
严涡ZOO;1
严涡ZOO;1
严涡ZOO;1
严涡ZOO;1
严涡ZOO;1
严涡ZOO;1
严涡ZOO;1
严涡ZOO;1
严涡ZOO;1
严涡ZOO;1
严涡ZOO;1
严涡ZOO;1
严涡ZOO;1
严涡ZOO;1
严涡ZOO;1
严涡ZOO;1
严涡ZOO;1
严涡ZOO;1
严涡ZOO;1
严涡ZOO;1
严涡ZOO;1
严涡ZOO;1
严涡ZOO;1
严涡ZOO;1
严涡ZOO;1
严涡ZOO;1
严涡ZOO;1
严涡ZOO;1
严涡ZOO;1
严涡ZOO;1
严涡ZOO;1
严涡ZOO;1
严涡ZOO;1
严涡ZOO;1
严涡ZOO;1
严涡ZOO;1
严涡ZOO;1
严涡ZOO;1
严涡ZOO;1
严涡ZOO;1
严涡ZOO;1
严涡ZOO;1
严涡ZOO;1
严涡ZOO;1
严涡ZOO;1
严涡ZOO;1
严涡ZOO;1
严涡ZOO;1
严涡ZOO;1
严涡ZOO;1
严涡ZOO;1
严涡ZOO;1
严涡ZOO;1
严涡ZOO;1
严涡ZOO;1
严涡ZOO;1
严涡ZOO;1
严涡ZOO;1
严涡ZOO;1
严涡ZOO;1
严涡ZOO;1
严涡ZOO;1
严涡ZOO;1
严涡ZOO;1
严涡ZOO;1
严涡ZOO;1
严涡ZOO;1
严涡ZOO;1
严涡ZOO;1
严涡ZOO;1
严涡ZOO;1
严涡ZOO;1
严涡ZOO;1
严涡ZOO;1
严涡ZOO;1
严涡ZOO;1
严涡ZOO;1
严涡ZOO;1
严涡ZOO;1
严涡ZOO;1
严涡ZOO;1
严涡ZOO;1
严涡ZOO;1
严涡ZOO;1
严涡ZOO;1
严涡ZOO;1
严涡ZOO;1
严涡ZOO;1
严涡ZOO;1
严涡ZOO;1
严涡ZOO;1
严涡ZOO;1
严涡ZOO;1
严涡ZOO;1
严涡ZOO;1
严涡ZOO;1
严涡ZOO;1
严涡ZOO;1
严涡ZOO;1
严涡ZOO;1
严涡ZOO;1
严涡ZOO;1
严涡ZOO;1
严涡ZOO;1
严涡ZOO;1
严涡ZOO;1
严涡ZOO;1
严涡ZOO;1
严涡ZOO;1
严涡ZOO;1
严涡ZOO;1
严涡ZOO;1
严涡ZOO;1
严涡ZOO;1
严涡ZOO;1
严涡ZOO;1
严涡ZOO;1
严涡ZOO;1
严涡ZOO;1
严涡ZOO;1
严涡ZOO;1
严涡ZOO;1
严涡ZOO;1
严涡ZOO;1
严涡ZOO;1
严涡ZOO;1
严涡ZOO;1
严涡ZOO;1
严涡ZOO;1
严涡ZOO;1
严涡ZOO;1
严涡ZOO;1
严涡ZOO;1
严涡ZOO;1
严涡ZOO;1
严涡ZOO;1
严涡ZOO;1
严涡ZOO;1
严涡ZOO;1
严涡ZOO;1
严涡ZOO;1
严涡ZOO;1
严涡ZOO;1
严涡ZOO;1
严涡ZOO;1
严涡ZOO;1
严涡ZOO;1
严涡ZOO;1
严涡ZOO;1
严涡ZOO;1
严涡ZOO;1
严涡ZOO;1
严涡ZOO;1
严涡ZOO;1
严涡ZOO;1
严涡ZOO;1
严涡ZOO;1
严涡ZOO;1
严涡ZOO;1
严涡ZOO;1
严涡ZOO;1
严涡ZOO;1
严涡ZOO;1
严涡ZOO;1
严涡ZOO;1
严涡ZOO;1
严涡ZOO;1
严涡ZOO;1
严涡ZOO;1
严涡ZOO;1
严涡ZOO;1
严涡ZOO;1
严涡ZOO;1
严涡ZOO;1
严涡ZOO;1
严涡ZOO;1
严涡ZOO;1
严涡ZOO;1
严涡ZOO;1
严涡ZOO;1
严涡ZOO;1
严涡ZOO;1
严涡ZOO;1
严涡ZOO;1
严涡ZOO;1
严涡ZOO;1
严涡ZOO;1
严涡ZOO;1
严涡ZOO;1
严涡ZOO;1
严涡ZOO;1
严涡ZOO;1
严涡ZOO;1
严涡ZOO;1
严涡ZOO;1
严涡ZOO;1
严涡ZOO;1
严涡ZOO;1
严涡ZOO;1
严涡ZOO;1
严涡ZOO;1
严涡ZOO;1
严涡ZOO;1
严涡ZOO;1
严涡ZOO;1
严涡ZOO;1
严涡ZOO;1
严涡ZOO;1
严涡ZOO;1
严涡ZOO;1
严涡ZOO;1
严涡ZOO;1
严涡ZOO;1
严涡ZOO;1
严涡ZOO;1
严涡ZOO;1
严涡ZOO;1
严涡ZOO;1
严涡ZOO;1
严涡ZOO;1
严涡ZOO;1
严涡ZOO;1
严涡ZOO;1
严涡ZOO;1
严涡ZOO;1
严涡ZOO;1
严涡ZOO;1
严涡ZOO;1
严涡ZOO;1
严涡ZOO;1
严涡ZOO;1
严涡ZOO;1
严涡ZOO;1
严涡ZOO;1
严涡ZOO;1
严涡ZOO;1
严涡ZOO;1
严涡ZOO;1
严涡ZOO;1
严涡ZOO;1
严涡ZOO;1
严涡ZOO;1
严涡ZOO;1
严涡ZOO;1
严涡ZOO;1
严涡ZOO;1
严涡ZOO;1
严涡ZOO;1
严涡ZOO;1
严涡ZOO;1
严涡ZOO;1
严涡ZOO;1
严涡ZOO;1
严涡ZOO;1
严涡ZOO;1
严涡ZOO;1
严涡ZOO;1
严涡ZOO;1
严涡ZOO;1
严涡ZOO;1
严涡ZOO;1
严涡ZOO;1
严涡ZOO;1
严涡ZOO;1
严涡ZOO;1
严涡ZOO;1
严涡ZOO;1
严涡ZOO;1
严涡ZOO;1
严涡ZOO;1
严涡ZOO;1
严涡ZOO;1
严涡ZOO;1
严涡ZOO;1
严涡ZOO;1
严涡ZOO;1
严涡ZOO;1
严涡ZOO;1
严涡ZOO;1
严涡ZOO;1
严涡ZOO;1
严涡ZOO;1
严涡ZOO;1
严涡ZOO;1
严涡ZOO;1
严涡ZOO;1
严涡ZOO;1
严涡ZOO;1
严涡ZOO;1
严涡ZOO;1
严涡ZOO;1
严涡ZOO;1
严涡ZOO;1
严涡ZOO;1
严涡ZOO;1
严涡ZOO;1
严涡ZOO;1
严涡ZOO;1
严涡ZOO;1
严涡ZOO;1
严涡ZOO;1
严涡ZOO;1
严涡ZOO;1
严涡ZOO;1
严涡ZOO;1
严涡ZOO;1
严涡ZOO;1
严涡ZOO;1
严涡ZOO;1
严涡ZOO;1
严涡ZOO;1
严涡ZOO;1
严涡ZOO;1
严涡ZOO;1
严涡ZOO;1
严涡ZOO;1
严涡ZOO;1
严涡ZOO;1
严涡ZOO;1
严涡ZOO;1
严涡ZOO;1
严涡ZOO;1
严涡ZOO;1
严涡ZOO;1
严涡ZOO;1
严涡ZOO;1
严涡ZOO;1
严涡ZOO;1
严涡ZOO;1
严涡ZOO;1
严涡ZOO;1
严涡ZOO;1
严涡ZOO;1
严涡ZOO;1
严涡ZOO;1
严涡ZOO;1
严涡ZOO;1
严涡ZOO;1
严涡ZOO;1
严涡ZOO;1
严涡ZOO;1
严涡ZOO;1
严涡ZOO;1
严涡ZOO;1
严涡ZOO;1
严涡ZOO;1
严涡ZOO;1
严涡ZOO;1
严涡ZOO;1
严涡ZOO;1
严涡ZOO;1
严涡ZOO;1
严涡ZOO;1
严涡ZOO;1
严涡ZOO;1
严涡ZOO;1
严涡ZOO;1
严涡ZOO;1
严涡ZOO;1
严涡ZOO;1
严涡ZOO;1
严涡ZOO;1
严涡ZOO;1
严涡ZOO;1
严涡ZOO;1
严涡ZOO;1
严涡ZOO;1
严涡ZOO;1
严涡ZOO;1
严涡ZOO;1
严涡ZOO;1
严涡ZOO;1
严涡ZOO;1
严涡ZOO;1
严涡ZOO;1
严涡ZOO;1
严涡ZOO;1
严涡ZOO;1
严涡ZOO;1
严涡ZOO;1
严涡ZOO;1
严涡ZOO;1
严涡ZOO;1
严涡ZOO;1
严涡ZOO;1
严涡ZOO;1
严涡ZOO;1
严涡ZOO;1
严涡ZOO;1
严涡ZOO;1
严涡ZOO;1
严涡ZOO;1
严涡ZOO;1
严涡ZOO;1
严涡ZOO;1
严涡ZOO;1
严涡ZOO;1
严涡ZOO;1
严涡ZOO;1
严涡ZOO;1
严涡ZOO;1
严涡ZOO;1
严涡ZOO;1
严涡ZOO;1
严涡ZOO;1
严涡ZOO;1
严涡ZOO;1
严涡ZOO;1
严涡ZOO;1
严涡ZOO;1
严涡ZOO;1
严涡ZOO;1
严涡ZOO;1
严涡ZOO;1
严涡ZOO;1
严涡ZOO;1
严涡ZOO;1
严涡ZOO;1
严涡ZOO;1
严涡ZOO;1
严涡ZOO;1
严涡ZOO;1
严涡ZOO;1
严涡ZOO;1
严涡ZOO;1
严涡ZOO;1
严涡ZOO;1
严涡ZOO;1
严涡ZOO;1
严涡ZOO;1
严涡ZOO;1
严涡ZOO;1
严涡ZOO;1
严涡ZOO;1
严涡ZOO;1
严涡ZOO;1
严涡ZOO;1
严涡ZOO;1
严涡ZOO;1
严涡ZOO;1
严涡ZOO;1
严涡ZOO;1
严涡ZOO;1
严涡ZOO;1
严涡ZOO;1
严涡ZOO;1
严涡ZOO;1
严涡ZOO;1
严涡ZOO;1
严涡ZOO;1
严涡ZOO;1
严涡ZOO;1
严涡ZOO;1
严涡ZOO;1
严涡ZOO;1
严涡ZOO;1
严涡ZOO;1
严涡ZOO;1
严涡ZOO;1
严涡ZOO;1
严涡ZOO;1
严涡ZOO;1
严涡ZOO;1
严涡ZOO;1
严涡ZOO;1
严涡ZOO;1
严涡ZOO;1
严涡ZOO;1
严涡ZOO;1
严涡ZOO;1
严涡ZOO;1
严涡ZOO;1
严涡ZOO;1
严涡ZOO;1
严涡ZOO;1
严涡ZOO;1
严涡ZOO;1
严涡ZOO;1
严涡ZOO;1
严涡ZOO;1
严涡ZOO;1
严涡ZOO;1
严涡ZOO;1
严涡ZOO;1
严涡ZOO;1
严涡ZOO;1
严涡ZOO;1
严涡ZOO;1
严涡ZOO;1
严涡ZOO;1
严涡ZOO;1
严涡ZOO;1
严涡ZOO;1
严涡ZOO;1
严涡ZOO;1
严涡ZOO;1
严涡ZOO;1
严涡ZOO;1
严涡ZOO;1
严涡ZOO;1
严涡ZOO;1
严涡ZOO;1
严涡ZOO;1
严涡ZOO;1
严涡ZOO;1
严涡ZOO;1
严涡ZOO;1
严涡ZOO;1
严涡ZOO;1
严涡ZOO;1
严涡ZOO;1
严涡ZOO;1
严涡ZOO;1
严涡ZOO;1
严涡ZOO;1
严涡ZOO;1
严涡ZOO;1
严涡ZOO;1
严涡ZOO;1
严涡ZOO;1
严涡ZOO;1
严涡ZOO;1
严涡ZOO;1
严涡ZOO;1
严涡ZOO;1
严涡ZOO;1
严涡ZOO;1
严涡ZOO;1
严涡ZOO;1
严涡ZOO;1
严涡ZOO;1
严涡ZOO;1
严涡ZOO;1
严涡ZOO;1
严涡ZOO;1
严涡ZOO;1
严涡ZOO;1
严涡ZOO;1
严涡ZOO;1
严涡ZOO;1
严涡ZOO;1
严涡ZOO;1
严涡ZOO;1
严涡ZOO;1
严涡ZOO;1
严涡ZOO;1
严涡ZOO;1
严涡ZOO;1
严涡ZOO;1
严涡ZOO;1
严涡ZOO;1
严涡ZOO;1
严涡ZOO;1
严涡ZOO;1
严涡ZOO;1
严涡ZOO;1
严涡ZOO;1
严涡ZOO;1
严涡ZOO;1
严涡ZOO;1
严涡ZOO;1
严涡ZOO;1
严涡ZOO;1
严涡ZOO;1
严涡ZOO;1
严涡ZOO;1
严涡ZOO;1
严涡ZOO;1
严涡ZOO;1
严涡ZOO;1
严涡ZOO;1
严涡ZOO;1
严涡ZOO;1
严涡ZOO;1
严涡ZOO;1
严涡ZOO;1
严涡ZOO;1
严涡ZOO;1
严涡ZOO;1
严涡ZOO;1
严涡ZOO;1
严涡ZOO;1
严涡ZOO;1
严涡ZOO;1
严涡ZOO;1
严涡ZOO;1
严涡ZOO;1
严涡ZOO;1
严涡ZOO;1
严涡ZOO;1
严涡ZOO;1
严涡ZOO;1
严涡ZOO;1
严涡ZOO;1
严涡ZOO;1
严涡ZOO;1
严涡ZOO;1
严涡ZOO;1
严涡ZOO;1
严涡ZOO;1
严涡ZOO;1
严涡ZOO;1
严涡ZOO;1
严涡ZOO;1
严涡ZOO;1
严涡ZOO;1
严涡ZOO;1
严涡ZOO;1
严涡ZOO;1
严涡ZOO;1
严涡ZOO;1
严涡ZOO;1
严涡ZOO;1
严涡ZOO;1
严涡ZOO;1
严涡ZOO;1
严涡ZOO;1
严涡ZOO;1
严涡ZOO;1
严涡ZOO;1
严涡ZOO;1
严涡ZOO;1
严涡ZOO;1
严涡ZOO;1
严涡ZOO;1
严涡ZOO;1
严涡ZOO;1
严涡ZOO;1
严涡ZOO;1
严涡ZOO;1
严涡ZOO;1
严涡ZOO;1
严涡ZOO;1
严涡ZOO;1
严涡ZOO;1
严涡ZOO;1
严涡ZOO;1
严涡ZOO;1
严涡ZOO;1
严涡ZOO;1
严涡ZOO;1
严涡ZOO;1
严涡ZOO;1
严涡ZOO;1
严涡ZOO;1
严涡ZOO;1
严涡ZOO;1
严涡ZOO;1
严涡ZOO;1
严涡ZOO;1
严涡ZOO;1
严涡ZOO;1
严涡ZOO;1
严涡ZOO;1
严涡ZOO;1
严涡ZOO;1
严涡ZOO;1
严涡ZOO;1
严涡ZOO;1
严涡ZOO;1
严涡ZOO;1
严涡ZOO;1
严涡ZOO;1
严涡ZOO;1
严涡ZOO;1
严涡ZOO;1
严涡ZOO;1
严涡ZOO;1
严涡ZOO;1
严涡ZOO;1
严涡ZOO;1
严涡ZOO;1
严涡ZOO;1
严涡ZOO;1
严涡ZOO;1
严涡ZOO;1
严涡ZOO;1
严涡ZOO;1
严涡ZOO;1
严涡ZOO;1
严涡ZOO;1
严涡ZOO;1
严涡ZOO;1
严涡ZOO;1
严涡ZOO;1
严涡ZOO;1
严涡ZOO;1
严涡ZOO;1
严涡ZOO;1
严涡ZOO;1
严涡ZOO;1
严涡ZOO;1
严涡ZOO;1
严涡ZOO;1
严涡ZOO;1
严涡ZOO;1
严涡ZOO;1
严涡ZOO;1
严涡ZOO;1
严涡ZOO;1
严涡ZOO;1
严涡ZOO;1
严涡ZOO;1
严涡ZOO;1
严涡ZOO;1
严涡ZOO;1
严涡ZOO;1
严涡ZOO;1
严涡ZOO;1
严涡ZOO;1
严涡ZOO;1
严涡ZOO;1
严涡ZOO;1
严涡ZOO;1
严涡ZOO;1
严涡ZOO;1
严涡ZOO;1
严涡ZOO;1
严涡ZOO;1
严涡ZOO;1
严涡ZOO;1
严涡ZOO;1
严涡ZOO;1
严涡ZOO;1
严涡ZOO;1
严涡ZOO;1
严涡ZOO;1
严涡ZOO;1
严涡ZOO;1
严涡ZOO;1
严涡ZOO;1
严涡ZOO;1
严涡ZOO;1
严涡ZOO;1
严涡ZOO;1
严涡ZOO;1
严涡ZOO;1
严涡ZOO;1
严涡ZOO;1
严涡ZOO;1
严涡ZOO;1
严涡ZOO;1
严涡ZOO;1
严涡ZOO;1
严涡ZOO;1
严涡ZOO;1
严涡ZOO;1
严涡ZOO;1
严涡ZOO;1
严涡ZOO;1
严涡ZOO;1
严涡ZOO;1
严涡ZOO;1
严涡ZOO;1
严涡ZOO;1
严涡ZOO;1
严涡ZOO;1
严涡ZOO;1
严涡ZOO;1
严涡ZOO;1
严涡ZOO;1
严涡ZOO;1
严涡ZOO;1
严涡ZOO;1
严涡ZOO;1
严涡ZOO;1
严涡ZOO;1
严涡ZOO;1
严涡ZOO;1
严涡ZOO;1
严涡ZOO;1
严涡ZOO;1
严涡ZOO;1
严涡ZOO;1
严涡ZOO;1
严涡ZOO;1
严涡ZOO;1
严涡ZOO;1
严涡ZOO;1
严涡ZOO;1
严涡ZOO;1
严涡ZOO;1
严涡ZOO;1
严涡ZOO;1
严涡ZOO;1
严涡ZOO;1
严涡ZOO;1
严涡ZOO;1
严涡ZOO;1
严涡ZOO;1
严涡ZOO;1
严涡ZOO;1
严涡ZOO;1
严涡ZOO;1
严涡ZOO;1
严涡ZOO;1
严涡ZOO;1
严涡ZOO;1
严涡ZOO;1
严涡ZOO;1
严涡ZOO;1
严涡ZOO;1
严涡ZOO;1
严涡ZOO;1
严涡ZOO;1
严涡ZOO;1
严涡ZOO;1
严涡ZOO;1
严涡ZOO;1
严涡ZOO;1
严涡ZOO;1
严涡ZOO;1
严涡ZOO;1
严涡ZOO;1
严涡ZOO;1
严涡ZOO;1
严涡ZOO;1
严涡ZOO;1
严涡ZOO;1
严涡ZOO;1
严涡ZOO;1
严涡ZOO;1
严涡ZOO;1
严涡ZOO;1
严涡ZOO;1
严涡ZOO;1
严涡ZOO;1
严涡ZOO;1
严涡ZOO;1
严涡ZOO;1
严涡ZOO;1
严涡ZOO;1
严涡ZOO;1
严涡ZOO;1
严涡ZOO;1
严涡ZOO;1
严涡ZOO;1
严涡ZOO;1
严涡ZOO;1
严涡ZOO;1
严涡ZOO;1
严涡ZOO;1
严涡ZOO;1
严涡ZOO;1
严涡ZOO;1
严涡ZOO;1
严涡ZOO;1
严涡ZOO;1
严涡ZOO;1
严涡ZOO;1
严涡ZOO;1
严涡ZOO;1
严涡ZOO;1
严涡ZOO;1
严涡ZOO;1
严涡ZOO;1
严涡ZOO;1
严涡ZOO;1
严涡ZOO;1
严涡ZOO;1
严涡ZOO;1
严涡ZOO;1
严涡ZOO;1
严涡ZOO;1
严涡ZOO;1
严涡ZOO;1
严涡ZOO;1
严涡ZOO;1
严涡ZOO;1
严涡ZOO;1
严涡ZOO;1
严涡ZOO;1
严涡ZOO;1
严涡ZOO;1
严涡ZOO;1
严涡ZOO;1
严涡ZOO;1
严涡ZOO;1
严涡ZOO;1
严涡ZOO;1
严涡ZOO;1
严涡ZOO;1
严涡ZOO;1
严涡ZOO;1
严涡ZOO;1
严涡ZOO;1
严涡ZOO;1
严涡ZOO;1
严涡ZOO;1
严涡ZOO;1
严涡ZOO;1
严涡ZOO;1
严涡ZOO;1
严涡ZOO;1
严涡ZOO;1
严涡ZOO;1
严涡ZOO;1
严涡ZOO;1
严涡ZOO;1
严涡ZOO;1
严涡ZOO;1
严涡ZOO;1
严涡ZOO;1
严涡ZOO;1
严涡ZOO;1
严涡ZOO;1
严涡ZOO;1
严涡ZOO;1
严涡ZOO;1
严涡ZOO;1
严涡ZOO;1
严涡ZOO;1
严涡ZOO;1
严涡ZOO;1
严涡ZOO;1
严涡ZOO;1
严涡ZOO;1
严涡ZOO;1
严涡ZOO;1
严涡ZOO;1
严涡ZOO;1
严涡ZOO;1
严涡ZOO;1
严涡ZOO;1
严涡ZOO;1
严涡ZOO;1
严涡ZOO;1
严涡ZOO;1
严涡ZOO;1
严涡ZOO;1
严涡ZOO;1
严涡ZOO;1
严涡ZOO;1
严涡ZOO;1
严涡ZOO;1
严涡ZOO;1
严涡ZOO;1
严涡ZOO;1
严涡ZOO;1
严涡ZOO;1
严涡ZOO;1
严涡ZOO;1
严涡ZOO;1
严涡ZOO;1
严涡ZOO;1
严涡ZOO;1
严涡ZOO;1
严涡ZOO;1
严涡ZOO;1
严涡ZOO;1
严涡ZOO;1
严涡ZOO;1
严涡ZOO;1
严涡ZOO;1
严涡ZOO;1
严涡ZOO;1
严涡ZOO;1
严涡ZOO;1
严涡ZOO;1
严涡ZOO;1
严涡ZOO;1
严涡ZOO;1
严涡ZOO;1
严涡ZOO;1
严涡ZOO;1
严涡ZOO;1
严涡ZOO;1
严涡ZOO;1
严涡ZOO;1
严涡ZOO;1
严涡ZOO;1
严涡ZOO;1
严涡ZOO;1
严涡ZOO;1
严涡ZOO;1
严涡ZOO;1
严涡ZOO;1
严涡ZOO;1
严涡ZOO;1
严涡ZOO;1
严涡ZOO;1
严涡ZOO;1
严涡ZOO;1
严涡ZOO;1
严涡ZOO;1
严涡ZOO;1
严涡ZOO;1
严涡ZOO;1
严涡ZOO;1
严涡ZOO;1
严涡ZOO;1
严涡ZOO;1
严涡ZOO;1
严涡ZOO;1
严涡ZOO;1
严涡ZOO;1
严涡ZOO;1
严涡ZOO;1
严涡ZOO;1
严涡ZOO;1
严涡ZOO;1
严涡ZOO;1
严涡ZOO;1
严涡ZOO;1
严涡ZOO;1
严涡ZOO;1
严涡ZOO;1
严涡ZOO;1
严涡ZOO;1
严涡ZOO;1
严涡ZOO;1
严涡ZOO;1
严涡ZOO;1
严涡ZOO;1
严涡ZOO;1
严涡ZOO;1
严涡ZOO;1
严涡ZOO;1
严涡ZOO;1
严涡ZOO;1
严涡ZOO;1
严涡ZOO;1
严涡ZOO;1
严涡ZOO;1
严涡ZOO;1
严涡ZOO;1
严涡ZOO;1
严涡ZOO;1
严涡ZOO;1
严涡ZOO;1
严涡ZOO;1
严涡ZOO;1
严涡ZOO;1
严涡ZOO;1
严涡ZOO;1
严涡ZOO;1
严涡ZOO;1
严涡ZOO;1
严涡ZOO;1
严涡ZOO;1
严涡ZOO;1
严涡ZOO;1
严涡ZOO;1
严涡ZOO;1
严涡ZOO;1
严涡ZOO;1
严涡ZOO;1
严涡ZOO;1
严涡ZOO;1
严涡ZOO;1
严涡ZOO;1
严涡ZOO;1
严涡ZOO;1
严涡ZOO;1
严涡ZOO;1
严涡ZOO;1
严涡ZOO;1
严涡ZOO;1
严涡ZOO;1
严涡ZOO;1
严涡ZOO;1
严涡ZOO;1
严涡ZOO;1
严涡ZOO;1
严涡ZOO;1
严涡ZOO;1
严涡ZOO;1
严涡ZOO;1
严涡ZOO;1
严涡ZOO;1
严涡ZOO;1
严涡ZOO;1
严涡ZOO;1
严涡ZOO;1
严涡ZOO;1
严涡ZOO;1
严涡ZOO;1
严涡ZOO;1
严涡ZOO;1
严涡ZOO;1
严涡ZOO;1
严涡ZOO;1
严涡ZOO;1
严涡ZOO;1
严涡ZOO;1
严涡ZOO;1
严涡ZOO;1
严涡ZOO;1
严涡ZOO;1
严涡ZOO;1
严涡ZOO;1
严涡ZOO;1
严涡ZOO;1
严涡ZOO;1
严涡ZOO;1
严涡ZOO;1
严涡ZOO;1
严涡ZOO;1
严涡ZOO;1
严涡ZOO;1
严涡ZOO;1
严涡ZOO;1
严涡ZOO;1
严涡ZOO;1
严涡ZOO;1
严涡ZOO;1
严涡ZOO;1
严涡ZOO;1
严涡ZOO;1
严涡ZOO;1
严涡ZOO;1
严涡ZOO;1
严涡ZOO;1
严涡ZOO;1
严涡ZOO;1
严涡ZOO;1
严涡ZOO;1
严涡ZOO;1
严涡ZOO;1
严涡ZOO;1
严涡ZOO;1
严涡ZOO;1
严涡ZOO;1
严涡ZOO;1
严涡ZOO;1
严涡ZOO;1
严涡ZOO;1
严涡ZOO;1
严涡ZOO;1
严涡ZOO;1
严涡ZOO;1
严涡ZOO;1
严涡ZOO;1
严涡ZOO;1
严涡ZOO;1
严涡ZOO;1
严涡ZOO;1
严涡ZOO;1
严涡ZOO;1
严涡ZOO;1
严涡ZOO;1
严涡ZOO;1
严涡ZOO;1
严涡ZOO;1
严涡ZOO;1
严涡ZOO;1
严涡ZOO;1
严涡ZOO;1
严涡ZOO;1
严涡ZOO;1
严涡ZOO;1
严涡ZOO;1
严涡ZOO;1
严涡ZOO;1
严涡ZOO;1
严涡ZOO;1
严涡ZOO;1
严涡ZOO;1
严涡ZOO;1
严涡ZOO;1
严涡ZOO;1
严涡ZOO;1
严涡ZOO;1
严涡ZOO;1
严涡ZOO;1
严涡ZOO;1
严涡ZOO;1
严涡ZOO;1
严涡ZOO;1
严涡ZOO;1
严涡ZOO;1
严涡ZOO;1
严涡ZOO;1
严涡ZOO;1
严涡ZOO;1
严涡ZOO;1
严涡ZOO;1
严涡ZOO;1
严涡ZOO;1
严涡ZOO;1
严涡ZOO;1
严涡ZOO;1
严涡ZOO;1
严涡ZOO;1
严涡ZOO;1
严涡ZOO;1
严涡ZOO;1
严涡ZOO;1
严涡ZOO;1
严涡ZOO;1
严涡ZOO;1
严涡ZOO;1
严涡ZOO;1
严涡ZOO;1
严涡ZOO;1
严涡ZOO;1
严涡ZOO;1
严涡ZOO;1
严涡ZOO;1
严涡ZOO;1
严涡ZOO;1
严涡ZOO;1
严涡ZOO;1
严涡ZOO;1
严涡ZOO;1
严涡ZOO;1
严涡ZOO;1
严涡ZOO;1
严涡ZOO;1
严涡ZOO;1
严涡ZOO;1
严涡ZOO;1
严涡ZOO;1
严涡ZOO;1
严涡ZOO;1
严涡ZOO;1
严涡ZOO;1
严涡ZOO;1
严涡ZOO;1
严涡ZOO;1
严涡ZOO;1
严涡ZOO;1
严涡ZOO;1
严涡ZOO;1
严涡ZOO;1
严涡ZOO;1
严涡ZOO;1
严涡ZOO;1
严涡ZOO;1
严涡ZOO;1
严涡ZOO;1
严涡ZOO;1
严涡ZOO;1
严涡ZOO;1
严涡ZOO;1
严涡ZOO;1
严涡ZOO;1
严涡ZOO;1
严涡ZOO;1
严涡ZOO;1
严涡ZOO;1
严涡ZOO;1
严涡ZOO;1
严涡ZOO;1
严涡ZOO;1
严涡ZOO;1
严涡ZOO;1
严涡ZOO;1
严涡ZOO;1
严涡ZOO;1
严涡ZOO;1
严涡ZOO;1
严涡ZOO;1
严涡ZOO;1
严涡ZOO;1
严涡ZOO;1
严涡ZOO;1
严涡ZOO;1
严涡ZOO;1
严涡ZOO;1
严涡ZOO;1
严涡ZOO;1
严涡ZOO;1
严涡ZOO;1
严涡ZOO;1
严涡ZOO;1
严涡ZOO;1
严涡ZOO;1
严涡ZOO;1
严涡ZOO;1
严涡ZOO;1
严涡ZOO;1
严涡ZOO;1
严涡ZOO;1
严涡ZOO;1
严涡ZOO;1
严涡ZOO;1
严涡ZOO;1
严涡ZOO;1
严涡ZOO;1
严涡ZOO;1
严涡ZOO;1
严涡ZOO;1
严涡ZOO;1
严涡ZOO;1
严涡ZOO;1
严涡ZOO;1
严涡ZOO;1
严涡ZOO;1
严涡ZOO;1
严涡ZOO;1
严涡ZOO;1
严涡ZOO;1
严涡ZOO;1
严涡ZOO;1
严涡ZOO;1
严涡ZOO;1
严涡ZOO;1
严涡ZOO;1
严涡ZOO;1
严涡ZOO;1
严涡ZOO;1
严涡ZOO;1
严涡ZOO;1
严涡ZOO;1
严涡ZOO;1
严涡ZOO;1
严涡ZOO;1
严涡ZOO;1
严涡ZOO;1
严涡ZOO;1
严涡ZOO;1
严涡ZOO;1
严涡ZOO;1
严涡ZOO;1
严涡ZOO;1
严涡ZOO;1
严涡ZOO;1
严涡ZOO;1
严涡ZOO;1
严涡ZOO;1
严涡ZOO;1
严涡ZOO;1
严涡ZOO;1
严涡ZOO;1
严涡ZOO;1
严涡ZOO;1
严涡ZOO;1
严涡ZOO;1
严涡ZOO;1
严涡ZOO;1
严涡ZOO;1
严涡ZOO;1
严涡ZOO;1
严涡ZOO;1
严涡ZOO;1
严涡ZOO;1
严涡ZOO;1
严涡ZOO;1
严涡ZOO;1
严涡ZOO;1
严涡ZOO;1
严涡ZOO;1
严涡ZOO;1
严涡ZOO;1
严涡ZOO;1
严涡ZOO;1
严涡ZOO;1
严涡ZOO;1
严涡ZOO;1
严涡ZOO;1
严涡ZOO;1
严涡ZOO;1
严涡ZOO;1
严涡ZOO;1
严涡ZOO;1
严涡ZOO;1
严涡ZOO;1
严涡ZOO;1
严涡ZOO;1
严涡ZOO;1
严涡ZOO;1
严涡ZOO;1
严涡ZOO;1
严涡ZOO;1
严涡ZOO;1
严涡ZOO;1
严涡ZOO;1
严涡ZOO;1
严涡ZOO;1
严涡ZOO;1
严涡ZOO;1
严涡ZOO;1
严涡ZOO;1
严涡ZOO;1
严涡ZOO;1
严涡ZOO;1
严涡ZOO;1
严涡ZOO;1
严涡ZOO;1
严涡ZOO;1
严涡ZOO;1
严涡ZOO;1
严涡ZOO;1
严涡ZOO;1
严涡ZOO;1
严涡ZOO;1
严涡ZOO;1
严涡ZOO;1
严涡ZOO;1
严涡ZOO;1
严涡ZOO;1
严涡ZOO;1
严涡ZOO;1
严涡ZOO;1
严涡ZOO;1
严涡ZOO;1
严涡ZOO;1
严涡ZOO;1
严涡ZOO;1
严涡ZOO;1
严涡ZOO;1
严涡ZOO;1
严涡ZOO;1
严涡ZOO;1
严涡ZOO;1
严涡ZOO;1
严涡ZOO;1
严涡ZOO;1
严涡ZOO;1
严涡ZOO;1
严涡ZOO;1
严涡ZOO;1
严涡ZOO;1
严涡ZOO;1
严涡ZOO;1
严涡ZOO;1
严涡ZOO;1
严涡ZOO;1
严涡ZOO;1
严涡ZOO;1
严涡ZOO;1
严涡ZOO;1
严涡ZOO;1
严涡ZOO;1
严涡ZOO;1
严涡ZOO;1
严涡ZOO;1
严涡ZOO;1
严涡ZOO;1
严涡ZOO;1
严涡ZOO;1
严涡ZOO;1
严涡ZOO;1
严涡ZOO;1
严涡ZOO;1
严涡ZOO;1
严涡ZOO;1
严涡ZOO;1
严涡ZOO;1
严涡ZOO;1
严涡ZOO;1
严涡ZOO;1
严涡ZOO;1
严涡ZOO;1
严涡ZOO;1
严涡ZOO;1
严涡ZOO;1
严涡ZOO;1
严涡ZOO;1
严涡ZOO;1
严涡ZOO;1
严涡ZOO;1
严涡ZOO;1
严涡ZOO;1
严涡ZOO;1
严涡ZOO;1
严涡ZOO;1
严涡ZOO;1
严涡ZOO;1
严涡ZOO;1
严涡ZOO;1
严涡ZOO;1
严涡ZOO;1
严涡ZOO;1
严涡ZOO;1
严涡ZOO;1
严涡ZOO;1
严涡ZOO;1
严涡ZOO;1
严涡ZOO;1
严涡ZOO;1
严涡ZOO;1
严涡ZOO;1
严涡ZOO;1
严涡ZOO;1
严涡ZOO;1
严涡ZOO;1
严涡ZOO;1
严涡ZOO;1
严涡ZOO;1
严涡ZOO;1
严涡ZOO;1
严涡ZOO;1
严涡ZOO;1
严涡ZOO;1
严涡ZOO;1
严涡ZOO;1
严涡ZOO;1
严涡ZOO;1
严涡ZOO;1
严涡ZOO;1
严涡ZOO;1
严涡ZOO;1
严涡ZOO;1
严涡ZOO;1
严涡ZOO;1
严涡ZOO;1
严涡ZOO;1
严涡ZOO;1
严涡ZOO;1
严涡ZOO;1
严涡ZOO;1
严涡ZOO;1
严涡ZOO;1
严涡ZOO;1
严涡ZOO;1
严涡ZOO;1
严涡ZOO;1
严涡ZOO;1
严涡ZOO;1
严涡ZOO;1
严涡ZOO;1
严涡ZOO;1
严涡ZOO;1
严涡ZOO;1
严涡ZOO;1
严涡ZOO;1
严涡ZOO;1
严涡ZOO;1
严涡ZOO;1
严涡ZOO;1
严涡ZOO;1
严涡ZOO;1
严涡ZOO;1
严涡ZOO;1
严涡ZOO;1
严涡ZOO;1
严涡ZOO;1
严涡ZOO;1
严涡ZOO;1
严涡ZOO;1
严涡ZOO;1
严涡ZOO;1
严涡ZOO;1
严涡ZOO;1
严涡ZOO;1
严涡ZOO;1
严涡ZOO;1
严涡ZOO;1
严涡ZOO;1
严涡ZOO;1
严涡ZOO;1
严涡ZOO;1
严涡ZOO;1
严涡ZOO;1
严涡ZOO;1
严涡ZOO;1
严涡ZOO;1
严涡ZOO;1
严涡ZOO;1
严涡ZOO;1
严涡ZOO;1
严涡ZOO;1
严涡ZOO;1
严涡ZOO;1
严涡ZOO;1
严涡ZOO;1
严涡ZOO;1
严涡ZOO;1
严涡ZOO;1
严涡ZOO;1
严涡ZOO;1
严涡ZOO;1
严涡ZOO;1
严涡ZOO;1
严涡ZOO;1
严涡ZOO;1
严涡ZOO;1
严涡ZOO;1
严涡ZOO;1
严涡ZOO;1
严涡ZOO;1
严涡ZOO;1
严涡ZOO;1
严涡ZOO;1
严涡ZOO;1
严涡ZOO;1
严涡ZOO;1
严涡ZOO;1
严涡ZOO;1
严涡ZOO;1
严涡ZOO;1
严涡ZOO;1
严涡ZOO;1
严涡ZOO;1
严涡ZOO;1
严涡ZOO;1
严涡ZOO;1
严涡ZOO;1
严涡ZOO;1
严涡ZOO;1
严涡ZOO;1
严涡ZOO;1
严涡ZOO;1
严涡ZOO;1
严涡ZOO;1
严涡ZOO;1
严涡ZOO;1
严涡ZOO;1
严涡ZOO;1
严涡ZOO;1
严涡ZOO;1
严涡ZOO;1
严涡ZOO;1
严涡ZOO;1
严涡ZOO;1
严涡ZOO;1
严涡ZOO;1
严涡ZOO;1
严涡ZOO;1
严涡ZOO;1
严涡ZOO;1
严涡ZOO;1
严涡ZOO;1
严涡ZOO;1
严涡ZOO;1
严涡ZOO;1
严涡ZOO;1
严涡ZOO;1
严涡ZOO;1
严涡ZOO;1
严涡ZOO;1
严涡ZOO;1
严涡ZOO;1
严涡ZOO;1
严涡ZOO;1
严涡ZOO;1
严涡ZOO;1
严涡ZOO;1
严涡ZOO;1
严涡ZOO;1
严涡ZOO;1
严涡ZOO;1
严涡ZOO;1
严涡ZOO;1
严涡ZOO;1
严涡ZOO;1
严涡ZOO;1
严涡ZOO;1
严涡ZOO;1
严涡ZOO;1
严涡ZOO;1
严涡ZOO;1
严涡ZOO;1
严涡ZOO;1
严涡ZOO;1
严涡ZOO;1
严涡ZOO;1
严涡ZOO;1
严涡ZOO;1
严涡ZOO;1
严涡ZOO;1
严涡ZOO;1
严涡ZOO;1
严涡ZOO;1
严涡ZOO;1
严涡ZOO;1
严涡ZOO;1
严涡ZOO;1
严涡ZOO;1
严涡ZOO;1
严涡ZOO;1
严涡ZOO;1
严涡ZOO;1
严涡ZOO;1
严涡ZOO;1
严涡ZOO;1
严涡ZOO;1
严涡ZOO;1
严涡ZOO;1
严涡ZOO;1
严涡ZOO;1
严涡ZOO;1
严涡ZOO;1
严涡ZOO;1
严涡ZOO;1
严涡ZOO;1
严涡ZOO;1
严涡ZOO;1
严涡ZOO;1
严涡ZOO;1
严涡ZOO;1
严涡ZOO;1
严涡ZOO;1
严涡ZOO;1
严涡ZOO;1
严涡ZOO;1
严涡ZOO;1
严涡ZOO;1
严涡ZOO;1
严涡ZOO;1
严涡ZOO;1
严涡ZOO;1
严涡ZOO;1
严涡ZOO;1
严涡ZOO;1
严涡ZOO;1
严涡ZOO;1
严涡ZOO;1
严涡ZOO;1
严涡ZOO;1
严涡ZOO;1
严涡ZOO;1
严涡ZOO;1
严涡ZOO;1
严涡ZOO;1
严涡ZOO;1
严涡ZOO;1
严涡ZOO;1
严涡ZOO;1
严涡ZOO;1
严涡ZOO;1
严涡ZOO;1
严涡ZOO;1
严涡ZOO;1
严涡ZOO;1
严涡ZOO;1
严涡ZOO;1
严涡ZOO;1
严涡ZOO;1
严涡ZOO;1
严涡ZOO;1
严涡ZOO;1
严涡ZOO;1
严涡ZOO;1
严涡ZOO;1
严涡ZOO;1
严涡ZOO;1
严涡ZOO;1
严涡ZOO;1
严涡ZOO;1
严涡ZOO;1
严涡ZOO;1
严涡ZOO;1
严涡ZOO;1
严涡ZOO;1
严涡ZOO;1
严涡ZOO;1
严涡ZOO;1
严涡ZOO;1
严涡ZOO;1
严涡ZOO;1
严涡ZOO;1
严涡ZOO;1
严涡ZOO;1
严涡ZOO;1
严涡ZOO;1
严涡ZOO;1
严涡ZOO;1
严涡ZOO;1
严涡ZOO;1
严涡ZOO;1
严涡ZOO;1
严涡ZOO;1
严涡ZOO;1
严涡ZOO;1
严涡ZOO;1
严涡ZOO;1
严涡ZOO;1
严涡ZOO;1
严涡ZOO;1
严涡ZOO;1
严涡ZOO;1
严涡ZOO;1
严涡ZOO;1
严涡ZOO;1
严涡ZOO;1
严涡ZOO;1
严涡ZOO;1
严涡ZOO;1
严涡ZOO;1
严涡ZOO;1
严涡ZOO;1
严涡ZOO;1
严涡ZOO;1
严涡ZOO;1
严涡ZOO;1
严涡ZOO;1
严涡ZOO;1
严涡ZOO;1
严涡ZOO;1
严涡ZOO;1
严涡ZOO;1
严涡ZOO;1
严涡ZOO;1
严涡ZOO;1
严涡ZOO;1
严涡ZOO;1
严涡ZOO;1
严涡ZOO;1
严涡ZOO;1
严涡ZOO;1
严涡ZOO;1
严涡ZOO;1
严涡ZOO;1
严涡ZOO;1
严涡ZOO;1
严涡ZOO;1
严涡ZOO;1
严涡ZOO;1
严涡ZOO;1
严涡ZOO;1
严涡ZOO;1
严涡ZOO;1
严涡ZOO;1
严涡ZOO;1
严涡ZOO;1
严涡ZOO;1
严涡ZOO;1
严涡ZOO;1
严涡ZOO;1
严涡ZOO;1
严涡ZOO;1
严涡ZOO;1
严涡ZOO;1
严涡ZOO;1
严涡ZOO;1
严涡ZOO;1
严涡ZOO;1
严涡ZOO;1
严涡ZOO;1
严涡ZOO;1
严涡ZOO;1
严涡ZOO;1
严涡ZOO;1
严涡ZOO;1
严涡ZOO;1
严涡ZOO;1
严涡ZOO;1
严涡ZOO;1
严涡ZOO;1
严涡ZOO;1
严涡ZOO;1
严涡ZOO;1
严涡ZOO;1
严涡ZOO;1
严涡ZOO;1
严涡ZOO;1
严涡ZOO;1
严涡ZOO;1
严涡ZOO;1
严涡ZOO;1
严涡ZOO;1
严涡ZOO;1
严涡ZOO;1
严涡ZOO;1
严涡ZOO;1
严涡ZOO;1
严涡ZOO;1
严涡ZOO;1
严涡ZOO;1
严涡ZOO;1
严涡ZOO;1
严涡ZOO;1
严涡ZOO;1
严涡ZOO;1
严涡ZOO;1
严涡ZOO;1
严涡ZOO;1
严涡ZOO;1
严涡ZOO;1
严涡ZOO;1
严涡ZOO;1
严涡ZOO;1
严涡ZOO;1
严涡ZOO;1
严涡ZOO;1
严涡ZOO;1
严涡ZOO;1
严涡ZOO;1
严涡ZOO;1
严涡ZOO;1
严涡ZOO;1
严涡ZOO;1
严涡ZOO;1
严涡ZOO;1
严涡ZOO;1
严涡ZOO;1
严涡ZOO;1
严涡ZOO;1
严涡ZOO;1
严涡ZOO;1
严涡ZOO;1
严涡ZOO;1
严涡ZOO;1
严涡ZOO;1
严涡ZOO;1
严涡ZOO;1
严涡ZOO;1
严涡ZOO;1
严涡ZOO;1
严涡ZOO;1
严涡ZOO;1
严涡ZOO;1
严涡ZOO;1
严涡ZOO;1
严涡ZOO;1
严涡ZOO;1
严涡ZOO;1
严涡ZOO;1
严涡ZOO;1
严涡ZOO;1
严涡ZOO;1
严涡ZOO;1
严涡ZOO;1
严涡ZOO;1
严涡ZOO;1
严涡ZOO;1
严涡ZOO;1
严涡ZOO;1
严涡ZOO;1
严涡ZOO;1
严涡ZOO;1
严涡ZOO;1
严涡ZOO;1
严涡ZOO;1
严涡ZOO;1
严涡ZOO;1
严涡ZOO;1
严涡ZOO;1
严涡ZOO;1
严涡ZOO;1
严涡ZOO;1
严涡ZOO;1
严涡ZOO;1
严涡ZOO;1
严涡ZOO;1
严涡ZOO;1
严涡ZOO;1
严涡ZOO;1
严涡ZOO;1
严涡ZOO;1
严涡ZOO;1
严涡ZOO;1
严涡ZOO;1
严涡ZOO;1
严涡ZOO;1
严涡ZOO;1
严涡ZOO;1
严涡ZOO;1
严涡ZOO;1
严涡ZOO;1
严涡ZOO;1
严涡ZOO;1
严涡ZOO;1
严涡ZOO;1
严涡ZOO;1
严涡ZOO;1
严涡ZOO;1
严涡ZOO;1
严涡ZOO;1
严涡ZOO;1
严涡ZOO;1
严涡ZOO;1
严涡ZOO;1
严涡ZOO;1
严涡ZOO;1
严涡ZOO;1
严涡ZOO;1
严涡ZOO;1
严涡ZOO;1
严涡ZOO;1
严涡ZOO;1
严涡ZOO;1
严涡ZOO;1
严涡ZOO;1
严涡ZOO;1
严涡ZOO;1
严涡ZOO;1
严涡ZOO;1
严涡ZOO;1
严涡ZOO;1
严涡ZOO;1
严涡ZOO;1
严涡ZOO;1
严涡ZOO;1
严涡ZOO;1
严涡ZOO;1
严涡ZOO;1
严涡ZOO;1
严涡ZOO;1
严涡ZOO;1
严涡ZOO;1
严涡ZOO;1
严涡ZOO;1
严涡ZOO;1
严涡ZOO;1
严涡ZOO;1
严涡ZOO;1
严涡ZOO;1
严涡ZOO;1
严涡ZOO;1
严涡ZOO;1
严涡ZOO;1
严涡ZOO;1
严涡ZOO;1
严涡ZOO;1
严涡ZOO;1
严涡ZOO;1
严涡ZOO;1
严涡ZOO;1
严涡ZOO;1
严涡ZOO;1
严涡ZOO;1
严涡ZOO;1
严涡ZOO;1
严涡ZOO;1
严涡ZOO;1
严涡ZOO;1
严涡ZOO;1
严涡ZOO;1
严涡ZOO;1
严涡ZOO;1
严涡ZOO;1
严涡ZOO;1
严涡ZOO;1
严涡ZOO;1
严涡ZOO;1
严涡ZOO;1
严涡ZOO;1
严涡ZOO;1
严涡ZOO;1
严涡ZOO;1
严涡ZOO;1
严涡ZOO;1
严涡ZOO;1
严涡ZOO;1
严涡ZOO;1
严涡ZOO;1
严涡ZOO;1
严涡ZOO;1
严涡ZOO;1
严涡ZOO;1
严涡ZOO;1
严涡ZOO;1
严涡ZOO;1
严涡ZOO;1
严涡ZOO;1
严涡ZOO;1
严涡ZOO;1
严涡ZOO;1
严涡ZOO;1
严涡ZOO;1
严涡ZOO;1
严涡ZOO;1
严涡ZOO;1
严涡ZOO;1
严涡ZOO;1
严涡ZOO;1
严涡ZOO;1
严涡ZOO;1
严涡ZOO;1
严涡ZOO;1
严涡ZOO;1
严涡ZOO;1
严涡ZOO;1
严涡ZOO;1
严涡ZOO;1
严涡ZOO;1
严涡ZOO;1
严涡ZOO;1
严涡ZOO;1
严涡ZOO;1
严涡ZOO;1
严涡ZOO;1
严涡ZOO;1
严涡ZOO;1
严涡ZOO;1
严涡ZOO;1
严涡ZOO;1
严涡ZOO;1
严涡ZOO;1
严涡ZOO;1
严涡ZOO;1
严涡ZOO;1
严涡ZOO;1
严涡ZOO;1
严涡ZOO;1
严涡ZOO;1
严涡ZOO;1
严涡ZOO;1
严涡ZOO;1
严涡ZOO;1
严涡ZOO;1
严涡ZOO;1
严涡ZOO;1
严涡ZOO;1
严涡ZOO;1
严涡ZOO;1
严涡ZOO;1
严涡ZOO;1
严涡ZOO;1
严涡ZOO;1
严涡ZOO;1
严涡ZOO;1
严涡ZOO;1
严涡ZOO;1
严涡ZOO;1
严涡ZOO;1
严涡ZOO;1
严涡ZOO;1
严涡ZOO;1
严涡ZOO;1
严涡ZOO;1
严涡ZOO;1
严涡ZOO;1
严涡ZOO;1
严涡ZOO;1
严涡ZOO;1
严涡ZOO;1
严涡ZOO;1
严涡ZOO;1
严涡ZOO;1
严涡ZOO;1
严涡ZOO;1
严涡ZOO;1
严涡ZOO;1
严涡ZOO;1
严涡ZOO;1
严涡ZOO;1
严涡ZOO;1
严涡ZOO;1
严涡ZOO;1
严涡ZOO;1
严涡ZOO;1
严涡ZOO;1
严涡ZOO;1
严涡ZOO;1
严涡ZOO;1
严涡ZOO;1
严涡ZOO;1
严涡ZOO;1
严涡ZOO;1
严涡ZOO;1
严涡ZOO;1
严涡ZOO;1
严涡ZOO;1
严涡ZOO;1
严涡ZOO;1
严涡ZOO;1
严涡ZOO;1
严涡ZOO;1
严涡ZOO;1
严涡ZOO;1
严涡ZOO;1
严涡ZOO;1
严涡ZOO;1
严涡ZOO;1
严涡ZOO;1
严涡ZOO;1
严涡ZOO;1
严涡ZOO;1
严涡ZOO;1
严涡ZOO;1
严涡ZOO;1
严涡ZOO;1
严涡ZOO;1
严涡ZOO;1
严涡ZOO;1
严涡ZOO;1
严涡ZOO;1
严涡ZOO;1
严涡ZOO;1
严涡ZOO;1
严涡ZOO;1
严涡ZOO;1
严涡ZOO;1
严涡ZOO;1
严涡ZOO;1
严涡ZOO;1
严涡ZOO;1
严涡ZOO;1
严涡ZOO;1
严涡ZOO;1
严涡ZOO;1
严涡ZOO;1
严涡ZOO;1
严涡ZOO;1
严涡ZOO;1
严涡ZOO;1
严涡ZOO;1
严涡ZOO;1
严涡ZOO;1
严涡ZOO;1
严涡ZOO;1
严涡ZOO;1
严涡ZOO;1
严涡ZOO;1
严涡ZOO;1
严涡ZOO;1
严涡ZOO;1
严涡ZOO;1
严涡ZOO;1
严涡ZOO;1
严涡ZOO;1
严涡ZOO;1
严涡ZOO;1
严涡ZOO;1
严涡ZOO;1
严涡ZOO;1
严涡ZOO;1
严涡ZOO;1
严涡ZOO;1
严涡ZOO;1
严涡ZOO;1
严涡ZOO;1
严涡ZOO;1
严涡ZOO;1
严涡ZOO;1
严涡ZOO;1
严涡ZOO;1
严涡ZOO;1
严涡ZOO;1
严涡ZOO;1
严涡ZOO;1
严涡ZOO;1
严涡ZOO;1
严涡ZOO;1
严涡ZOO;1
严涡ZOO;1
严涡ZOO;1
严涡ZOO;1
严涡ZOO;1
严涡ZOO;1
严涡ZOO;1
严涡ZOO;1
严涡ZOO;1
严涡ZOO;1
严涡ZOO;1
严涡ZOO;1
严涡ZOO;1
严涡ZOO;1
严涡ZOO;1
严涡ZOO;1
严涡ZOO;1
严涡ZOO;1
严涡ZOO;1
严涡ZOO;1
严涡ZOO;1
严涡ZOO;1
严涡ZOO;1
严涡ZOO;1
严涡ZOO;1
严涡ZOO;1
严涡ZOO;1
严涡ZOO;1
严涡ZOO;1
严涡ZOO;1
严涡ZOO;1
严涡ZOO;1
严涡ZOO;1
严涡ZOO;1
严涡ZOO;1
严涡ZOO;1
严涡ZOO;1
严涡ZOO;1
严涡ZOO;1
严涡ZOO;1
严涡ZOO;1
严涡ZOO;1
严涡ZOO;1
严涡ZOO;1
严涡ZOO;1
严涡ZOO;1
严涡ZOO;1
严涡ZOO;1
严涡ZOO;1
严涡ZOO;1
严涡ZOO;1
严涡ZOO;1
严涡ZOO;1
严涡ZOO;1
严涡ZOO;1
严涡ZOO;1
严涡ZOO;1
严涡ZOO;1
严涡ZOO;1
严涡ZOO;1
严涡ZOO;1
严涡ZOO;1
严涡ZOO;1
严涡ZOO;1
严涡ZOO;1
严涡ZOO;1
严涡ZOO;1
严涡ZOO;1
严涡ZOO;1
严涡ZOO;1
严涡ZOO;1
严涡ZOO;1
严涡ZOO;1
严涡ZOO;1
严涡ZOO;1
严涡ZOO;1
严涡ZOO;1
严涡ZOO;1
严涡ZOO;1
严涡ZOO;1
严涡ZOO;1
严涡ZOO;1
严涡ZOO;1
严涡ZOO;1
严涡ZOO;1
严涡ZOO;1
严涡ZOO;1
严涡ZOO;1
严涡ZOO;1
严涡ZOO;1
严涡ZOO;1
严涡ZOO;1
严涡ZOO;1
严涡ZOO;1
严涡ZOO;1
严涡ZOO;1
严涡ZOO;1
严涡ZOO;1
严涡ZOO;1
严涡ZOO;1
严涡ZOO;1
严涡ZOO;1
严涡ZOO;1
严涡ZOO;1
严涡ZOO;1
严涡ZOO;1
严涡ZOO;1
严涡ZOO;1
严涡ZOO;1
严涡ZOO;1
严涡ZOO;1
严涡ZOO;1
严涡ZOO;1
严涡ZOO;1
严涡ZOO;1
严涡ZOO;1
严涡ZOO;1
严涡ZOO;1
严涡ZOO;1
严涡ZOO;1
严涡ZOO;1
严涡ZOO;1
严涡ZOO;1
严涡ZOO;1
严涡ZOO;1
严涡ZOO;1
严涡ZOO;1
严涡ZOO;1
严涡ZOO;1
严涡ZOO;1
严涡ZOO;1
严涡ZOO;1
严涡ZOO;1
严涡ZOO;1
严涡ZOO;1
严涡ZOO;1
严涡ZOO;1
严涡ZOO;1
严涡ZOO;1
严涡ZOO;1
严涡ZOO;1
严涡ZOO;1
严涡ZOO;1
严涡ZOO;1
严涡ZOO;1
严涡ZOO;1
严涡ZOO;1
严涡ZOO;1
严涡ZOO;1
严涡ZOO;1
严涡ZOO;1
严涡ZOO;1
严涡ZOO;1
严涡ZOO;1
严涡ZOO;1
严涡ZOO;1
严涡ZOO;1
严涡ZOO;1
严涡ZOO;1
严涡ZOO;1
严涡ZOO;1
严涡ZOO;1
严涡ZOO;1
严涡ZOO;1
严涡ZOO;1
严涡ZOO;1
严涡ZOO;1
严涡ZOO;1
严涡ZOO;1
严涡ZOO;1
严涡ZOO;1
严涡ZOO;1
严涡ZOO;1
严涡ZOO;1
严涡ZOO;1
严涡ZOO;1
严涡ZOO;1
严涡ZOO;1
严涡ZOO;1
严涡ZOO;1
严涡ZOO;1
严涡ZOO;1
严涡ZOO;1
严涡ZOO;1
严涡ZOO;1
严涡ZOO;1
严涡ZOO;1
严涡ZOO;1
严涡ZOO;1
严涡ZOO;1
严涡ZOO;1
严涡ZOO;1
严涡ZOO;1
严涡ZOO;1
严涡ZOO;1
严涡ZOO;1
严涡ZOO;1
严涡ZOO;1
严涡ZOO;1
严涡ZOO;1
严涡ZOO;1
严涡ZOO;1
严涡ZOO;1
严涡ZOO;1
严涡ZOO;1
严涡ZOO;1
严涡ZOO;1
严涡ZOO;1
严涡ZOO;1
严涡ZOO;1
严涡ZOO;1
严涡ZOO;1
严涡ZOO;1
严涡ZOO;1
严涡ZOO;1
严涡ZOO;1
严涡ZOO;1
严涡ZOO;1
严涡ZOO;1
严涡ZOO;1
严涡ZOO;1
严涡ZOO;1
严涡ZOO;1
严涡ZOO;1
严涡ZOO;1
严涡ZOO;1
严涡ZOO;1
严涡ZOO;1
严涡ZOO;1
严涡ZOO;1
严涡ZOO;1
严涡ZOO;1
严涡ZOO;1
严涡ZOO;1
严涡ZOO;1
严涡ZOO;1
严涡ZOO;1
严涡ZOO;1
严涡ZOO;1
严涡ZOO;1
严涡ZOO;1
严涡ZOO;1
严涡ZOO;1
严涡ZOO;1
严涡ZOO;1
严涡ZOO;1
严涡ZOO;1
严涡ZOO;1
严涡ZOO;1
严涡ZOO;1
严涡ZOO;1
严涡ZOO;1
严涡ZOO;1
严涡ZOO;1
严涡ZOO;1
严涡ZOO;1
严涡ZOO;1
严涡ZOO;1
严涡ZOO;1
严涡ZOO;1
严涡ZOO;1
严涡ZOO;1
严涡ZOO;1
严涡ZOO;1
严涡ZOO;1
严涡ZOO;1
严涡ZOO;1
严涡ZOO;1
严涡ZOO;1
严涡ZOO;1
严涡ZOO;1
严涡ZOO;1
严涡ZOO;1
严涡ZOO;1
严涡ZOO;1
严涡ZOO;1
严涡ZOO;1
严涡ZOO;1
严涡ZOO;1
严涡ZOO;1
严涡ZOO;1
严涡ZOO;1
严涡ZOO;1
严涡ZOO;1
严涡ZOO;1
严涡ZOO;1
严涡ZOO;1
严涡ZOO;1
严涡ZOO;1
严涡ZOO;1
严涡ZOO;1
严涡ZOO;1
严涡ZOO;1
严涡ZOO;1
严涡ZOO;1
严涡ZOO;1
严涡ZOO;1
严涡ZOO;1
严涡ZOO;1
严涡ZOO;1
严涡ZOO;1
严涡ZOO;1
严涡ZOO;1
严涡ZOO;1
严涡ZOO;1
严涡ZOO;1
严涡ZOO;1
严涡ZOO;1
严涡ZOO;1
严涡ZOO;1
严涡ZOO;1
严涡ZOO;1
严涡ZOO;1
严涡ZOO;1
严涡ZOO;1
严涡ZOO;1
严涡ZOO;1
严涡ZOO;1
严涡ZOO;1
严涡ZOO;1
严涡ZOO;1
严涡ZOO;1
严涡ZOO;1
严涡ZOO;1
严涡ZOO;1
严涡ZOO;1
严涡ZOO;1
严涡ZOO;1
严涡ZOO;1
严涡ZOO;1
严涡ZOO;1
严涡ZOO;1
严涡ZOO;1
严涡ZOO;1
严涡ZOO;1
严涡ZOO;1
严涡ZOO;1
严涡ZOO;1
严涡ZOO;1
严涡ZOO;1
严涡ZOO;1
严涡ZOO;1
严涡ZOO;1
严涡ZOO;1
严涡ZOO;1
严涡ZOO;1
严涡ZOO;1
严涡ZOO;1
严涡ZOO;1
严涡ZOO;1
严涡ZOO;1
严涡ZOO;1
严涡ZOO;1
严涡ZOO;1
严涡ZOO;1
严涡ZOO;1
严涡ZOO;1
严涡ZOO;1
严涡ZOO;1
严涡ZOO;1
严涡ZOO;1
严涡ZOO;1
严涡ZOO;1
严涡ZOO;1
严涡ZOO;1
严涡ZOO;1
严涡ZOO;1
严涡ZOO;1
严涡ZOO;1
严涡ZOO;1
严涡ZOO;1
严涡ZOO;1
严涡ZOO;1
严涡ZOO;1
严涡ZOO;1
严涡ZOO;1
严涡ZOO;1
严涡ZOO;1
严涡ZOO;1
严涡ZOO;1
严涡ZOO;1
严涡ZOO;1
严涡ZOO;1
严涡ZOO;1
严涡ZOO;1
严涡ZOO;1
严涡ZOO;1
严涡ZOO;1
严涡ZOO;1
严涡ZOO;1
严涡ZOO;1
严涡ZOO;1
严涡ZOO;1
严涡ZOO;1
严涡ZOO;1
严涡ZOO;1
严涡ZOO;1
严涡ZOO;1
严涡ZOO;1
严涡ZOO;1
严涡ZOO;1
严涡ZOO;1
严涡ZOO;1
严涡ZOO;1
严涡ZOO;1
严涡ZOO;1
严涡ZOO;1
严涡ZOO;1
严涡ZOO;1
严涡ZOO;1
严涡ZOO;1
严涡ZOO;1
严涡ZOO;1
严涡ZOO;1
严涡ZOO;1
严涡ZOO;1
严涡ZOO;1
严涡ZOO;1
严涡ZOO;1
严涡ZOO;1
严涡ZOO;1
严涡ZOO;1
严涡ZOO;1
严涡ZOO;1
严涡ZOO;1
严涡ZOO;1
严涡ZOO;1
严涡ZOO;1
严涡ZOO;1
严涡ZOO;1
严涡ZOO;1
严涡ZOO;1
严涡ZOO;1
严涡ZOO;1
严涡ZOO;1
严涡ZOO;1
严涡ZOO;1
严涡ZOO;1
严涡ZOO;1
严涡ZOO;1
严涡ZOO;1
严涡ZOO;1
严涡ZOO;1
严涡ZOO;1
严涡ZOO;1
严涡ZOO;1
严涡ZOO;1
严涡ZOO;1
严涡ZOO;1
严涡ZOO;1
严涡ZOO;1
严涡ZOO;1
严涡ZOO;1
严涡ZOO;1
严涡ZOO;1
严涡ZOO;1
严涡ZOO;1
严涡ZOO;1
严涡ZOO;1
严涡ZOO;1
严涡ZOO;1
严涡ZOO;1
严涡ZOO;1
严涡ZOO;1
严涡ZOO;1
严涡ZOO;1
严涡ZOO;1
严涡ZOO;1
严涡ZOO;1
严涡ZOO;1
严涡ZOO;1
严涡ZOO;1
严涡ZOO;1
严涡ZOO;1
严涡ZOO;1
严涡ZOO;1
严涡ZOO;1
严涡ZOO;1
严涡ZOO;1
严涡ZOO;1
严涡ZOO;1
严涡ZOO;1
严涡ZOO;1
严涡ZOO;1
严涡ZOO;1
严涡ZOO;1
严涡ZOO;1
严涡ZOO;1
严涡ZOO;1
严涡ZOO;1
严涡ZOO;1
严涡ZOO;1
严涡ZOO;1
严涡ZOO;1
严涡ZOO;1
严涡ZOO;1
严涡ZOO;1
严涡ZOO;1
严涡ZOO;1
严涡ZOO;1
严涡ZOO;1
严涡ZOO;1
严涡ZOO;1
严涡ZOO;1
严涡ZOO;1
严涡ZOO;1
严涡ZOO;1
严涡ZOO;1
严涡ZOO;1
严涡ZOO;1
严涡ZOO;1
严涡ZOO;1
严涡ZOO;1
严涡ZOO;1
严涡ZOO;1
严涡ZOO;1
严涡ZOO;1
严涡ZOO;1
严涡ZOO;1
严涡ZOO;1
严涡ZOO;1
严涡ZOO;1
严涡ZOO;1
严涡ZOO;1
严涡ZOO;1
严涡ZOO;1
严涡ZOO;1
严涡ZOO;1
严涡ZOO;1
严涡ZOO;1
严涡ZOO;1
严涡ZOO;1
严涡ZOO;1
严涡ZOO;1
严涡ZOO;1
严涡ZOO;1
严涡ZOO;1
严涡ZOO;1
严涡ZOO;1
严涡ZOO;1
严涡ZOO;1
严涡ZOO;1
严涡ZOO;1
严涡ZOO;1
严涡ZOO;1
严涡ZOO;1
严涡ZOO;1
严涡ZOO;1
严涡ZOO;1
严涡ZOO;1
严涡ZOO;1
严涡ZOO;1
严涡ZOO;1
严涡ZOO;1
严涡ZOO;1
严涡ZOO;1
严涡ZOO;1
严涡ZOO;1
严涡ZOO;1
严涡ZOO;1
严涡ZOO;1
严涡ZOO;1
严涡ZOO;1
严涡ZOO;1
严涡ZOO;1
严涡ZOO;1
严涡ZOO;1
严涡ZOO;1
严涡ZOO;1
严涡ZOO;1
严涡ZOO;1
严涡ZOO;1
严涡ZOO;1
严涡ZOO;1
严涡ZOO;1
严涡ZOO;1
严涡ZOO;1
严涡ZOO;1
严涡ZOO;1
严涡ZOO;1
严涡ZOO;1
严涡ZOO;1
严涡ZOO;1
严涡ZOO;1
严涡ZOO;1
严涡ZOO;1
严涡ZOO;1
严涡ZOO;1
严涡ZOO;1
严涡ZOO;1
严涡ZOO;1
严涡ZOO;1
严涡ZOO;1
严涡ZOO;1
严涡ZOO;1
严涡ZOO;1
严涡ZOO;1
严涡ZOO;1
严涡ZOO;1
严涡ZOO;1
严涡ZOO;1
严涡ZOO;1
严涡ZOO;1
严涡ZOO;1
严涡ZOO;1
严涡ZOO;1
严涡ZOO;1
严涡ZOO;1
严涡ZOO;1
严涡ZOO;1
严涡ZOO;1
严涡ZOO;1
严涡ZOO;1
严涡ZOO;1
严涡ZOO;1
严涡ZOO;1
严涡ZOO;1
严涡ZOO;1
严涡ZOO;1
严涡ZOO;1
严涡ZOO;1
严涡ZOO;1
严涡ZOO;1
严涡ZOO;1
严涡ZOO;1
严涡ZOO;1
严涡ZOO;1
严涡ZOO;1
严涡ZOO;1
严涡ZOO;1
严涡ZOO;1
严涡ZOO;1
严涡ZOO;1
严涡ZOO;1
严涡ZOO;1
严涡ZOO;1
严涡ZOO;1
严涡ZOO;1
严涡ZOO;1
严涡ZOO;1
严涡ZOO;1
严涡ZOO;1
严涡ZOO;1
严涡ZOO;1
严涡ZOO;1
严涡ZOO;1
严涡ZOO;1
严涡ZOO;1
严涡ZOO;1
严涡ZOO;1
严涡ZOO;1
严涡ZOO;1
严涡ZOO;1
严涡ZOO;1
严涡ZOO;1
严涡ZOO;1
严涡ZOO;1
严涡ZOO;1
严涡ZOO;1
严涡ZOO;1
严涡ZOO;1
严涡ZOO;1
严涡ZOO;1
严涡ZOO;1
严涡ZOO;1
严涡ZOO;1
严涡ZOO;1
严涡ZOO;1
严涡ZOO;1
严涡ZOO;1
严涡ZOO;1
严涡ZOO;1
严涡ZOO;1
严涡ZOO;1
严涡ZOO;1
严涡ZOO;1
严涡ZOO;1
严涡ZOO;1
严涡ZOO;1
严涡ZOO;1
严涡ZOO;1
严涡ZOO;1
严涡ZOO;1
严涡ZOO;1
严涡ZOO;1
严涡ZOO;1
严涡ZOO;1
严涡ZOO;1
严涡ZOO;1
严涡ZOO;1
严涡ZOO;1
严涡ZOO;1
严涡ZOO;1
严涡ZOO;1
严涡ZOO;1
严涡ZOO;1
严涡ZOO;1
严涡ZOO;1
严涡ZOO;1
严涡ZOO;1
严涡ZOO;1
严涡ZOO;1
严涡ZOO;1
严涡ZOO;1
严涡ZOO;1
严涡ZOO;1
严涡ZOO;1
严涡ZOO;1
严涡ZOO;1
严涡ZOO;1
严涡ZOO;1
严涡ZOO;1
严涡ZOO;1
严涡ZOO;1
严涡ZOO;1
严涡ZOO;1
严涡ZOO;1
严涡ZOO;1
严涡ZOO;1
严涡ZOO;1
严涡ZOO;1
严涡ZOO;1
严涡ZOO;1
严涡ZOO;1
严涡ZOO;1
严涡ZOO;1
严涡ZOO;1
严涡ZOO;1
严涡ZOO;1
严涡ZOO;1
严涡ZOO;1
严涡ZOO;1
严涡ZOO;1
严涡ZOO;1
严涡ZOO;1
严涡ZOO;1
严涡ZOO;1
严涡ZOO;1
严涡ZOO;1
严涡ZOO;1
严涡ZOO;1
严涡ZOO;1
严涡ZOO;1
严涡ZOO;1
严涡ZOO;1
严涡ZOO;1
严涡ZOO;1
严涡ZOO;1
严涡ZOO;1
严涡ZOO;1
严涡ZOO;1
严涡ZOO;1
严涡ZOO;1
严涡ZOO;1
严涡ZOO;1
严涡ZOO;1
严涡ZOO;1
严涡ZOO;1
严涡ZOO;1
严涡ZOO;1
严涡ZOO;1
严涡ZOO;1
严涡ZOO;1
严涡ZOO;1
严涡ZOO;1
严涡ZOO;1
严涡ZOO;1
严涡ZOO;1
严涡ZOO;1
严涡ZOO;1
严涡ZOO;1
严涡ZOO;1
严涡ZOO;1
严涡ZOO;1
严涡ZOO;1
严涡ZOO;1
严涡ZOO;1
严涡ZOO;1
严涡ZOO;1
严涡ZOO;1
严涡ZOO;1
严涡ZOO;1
严涡ZOO;1
严涡ZOO;1
严涡ZOO;1
严涡ZOO;1
严涡ZOO;1
严涡ZOO;1
严涡ZOO;1
严涡ZOO;1
严涡ZOO;1
严涡ZOO;1
严涡ZOO;1
严涡ZOO;1
严涡ZOO;1
严涡ZOO;1
严涡ZOO;1
严涡ZOO;1
严涡ZOO;1
严涡ZOO;1
严涡ZOO;1
严涡ZOO;1
严涡ZOO;1
严涡ZOO;1
严涡ZOO;1
严涡ZOO;1
严涡ZOO;1
严涡ZOO;1
严涡ZOO;1
严涡ZOO;1
严涡ZOO;1
严涡ZOO;1
严涡ZOO;1
严涡ZOO;1
严涡ZOO;1
严涡ZOO;1
严涡ZOO;1
严涡ZOO;1
严涡ZOO;1
严涡ZOO;1
严涡ZOO;1
严涡ZOO;1
严涡ZOO;1
严涡ZOO;1
严涡ZOO;1
严涡ZOO;1
严涡ZOO;1
严涡ZOO;1
严涡ZOO;1
严涡ZOO;1
严涡ZOO;1
严涡ZOO;1
严涡ZOO;1
严涡ZOO;1
严涡ZOO;1
严涡ZOO;1
严涡ZOO;1
严涡ZOO;1
严涡ZOO;1
严涡ZOO;1
严涡ZOO;1
严涡ZOO;1
严涡ZOO;1
严涡ZOO;1
严涡ZOO;1
严涡ZOO;1
严涡ZOO;1
严涡ZOO;1
严涡ZOO;1
严涡ZOO;1
严涡ZOO;1
严涡ZOO;1
严涡ZOO;1
严涡ZOO;1
严涡ZOO;1
严涡ZOO;1
严涡ZOO;1
严涡ZOO;1
严涡ZOO;1
严涡ZOO;1
严涡ZOO;1
严涡ZOO;1
严涡ZOO;1
严涡ZOO;1
严涡ZOO;1
严涡ZOO;1
严涡ZOO;1
严涡ZOO;1
严涡ZOO;1
严涡ZOO;1
严涡ZOO;1
严涡ZOO;1
严涡ZOO;1
严涡ZOO;1
严涡ZOO;1
严涡ZOO;1
严涡ZOO;1
严涡ZOO;1
严涡ZOO;1
严涡ZOO;1
严涡ZOO;1
严涡ZOO;1
严涡ZOO;1
严涡ZOO;1
严涡ZOO;1
严涡ZOO;1
严涡ZOO;1
严涡ZOO;1
严涡ZOO;1
严涡ZOO;1
严涡ZOO;1
严涡ZOO;1
严涡ZOO;1
严涡ZOO;1
严涡ZOO;1
严涡ZOO;1
严涡ZOO;1
严涡ZOO;1
严涡ZOO;1
严涡ZOO;1
严涡ZOO;1
严涡ZOO;1
严涡ZOO;1
严涡ZOO;1
严涡ZOO;1
严涡ZOO;1
严涡ZOO;1
严涡ZOO;1
严涡ZOO;1
严涡ZOO;1
严涡ZOO;1
严涡ZOO;1
严涡ZOO;1
严涡ZOO;1
严涡ZOO;1
严涡ZOO;1
严涡ZOO;1
严涡ZOO;1
严涡ZOO;1
严涡ZOO;1
严涡ZOO;1
严涡ZOO;1
严涡ZOO;1
严涡ZOO;1
严涡ZOO;1
严涡ZOO;1
严涡ZOO;1
严涡ZOO;1
严涡ZOO;1
严涡ZOO;1
严涡ZOO;1
严涡ZOO;1
严涡ZOO;1
严涡ZOO;1
严涡ZOO;1
严涡ZOO;1
严涡ZOO;1
严涡ZOO;1
严涡ZOO;1
严涡ZOO;1
严涡ZOO;1
严涡ZOO;1
严涡ZOO;1
严涡ZOO;1
严涡ZOO;1
严涡ZOO;1
严涡ZOO;1
严涡ZOO;1
严涡ZOO;1
严涡ZOO;1
严涡ZOO;1
严涡ZOO;1
严涡ZOO;1
严涡ZOO;1
严涡ZOO;1
严涡ZOO;1
严涡ZOO;1
严涡ZOO;1
严涡ZOO;1
严涡ZOO;1
严涡ZOO;1
严涡ZOO;1
严涡ZOO;1
严涡ZOO;1
严涡ZOO;1
严涡ZOO;1
严涡ZOO;1
严涡ZOO;1
严涡ZOO;1
严涡ZOO;1
严涡ZOO;1
严涡ZOO;1
严涡ZOO;1
严涡ZOO;1
严涡ZOO;1
严涡ZOO;1
严涡ZOO;1
严涡ZOO;1
严涡ZOO;1
严涡ZOO;1
严涡ZOO;1
严涡ZOO;1
严涡ZOO;1
严涡ZOO;1
严涡ZOO;1
严涡ZOO;1
严涡ZOO;1
严涡ZOO;1
严涡ZOO;1
严涡ZOO;1
严涡ZOO;1
严涡ZOO;1
严涡ZOO;1
严涡ZOO;1
严涡ZOO;1
严涡ZOO;1
严涡ZOO;1
严涡ZOO;1
严涡ZOO;1
严涡ZOO;1
严涡ZOO;1
严涡ZOO;1
严涡ZOO;1
严涡ZOO;1
严涡ZOO;1
严涡ZOO;1
严涡ZOO;1
严涡ZOO;1
严涡ZOO;1
严涡ZOO;1
严涡ZOO;1
严涡ZOO;1
严涡ZOO;1
严涡ZOO;1
严涡ZOO;1
严涡ZOO;1
严涡ZOO;1
严涡ZOO;1
严涡ZOO;1
严涡ZOO;1
严涡ZOO;1
严涡ZOO;1
严涡ZOO;1
严涡ZOO;1
严涡ZOO;1
严涡ZOO;1
严涡ZOO;1
严涡ZOO;1
严涡ZOO;1
严涡ZOO;1
严涡ZOO;1
严涡ZOO;1
严涡ZOO;1
严涡ZOO;1
严涡ZOO;1
严涡ZOO;1
严涡ZOO;1
严涡ZOO;1
严涡ZOO;1
严涡ZOO;1
严涡ZOO;1
严涡ZOO;1
严涡ZOO;1
严涡ZOO;1
严涡ZOO;1
严涡ZOO;1
严涡ZOO;1
严涡ZOO;1
严涡ZOO;1
严涡ZOO;1
严涡ZOO;1
严涡ZOO;1
严涡ZOO;1
严涡ZOO;1
严涡ZOO;1
严涡ZOO;1
严涡ZOO;1
严涡ZOO;1
严涡ZOO;1
严涡ZOO;1
严涡ZOO;1
严涡ZOO;1
严涡ZOO;1
严涡ZOO;1
严涡ZOO;1
严涡ZOO;1
严涡ZOO;1
严涡ZOO;1
严涡ZOO;1
严涡ZOO;1
严涡ZOO;1
严涡ZOO;1
严涡ZOO;1
严涡ZOO;1
严涡ZOO;1
严涡ZOO;1
严涡ZOO;1
严涡ZOO;1
严涡ZOO;1
严涡ZOO;1
严涡ZOO;1
严涡ZOO;1
严涡ZOO;1
严涡ZOO;1
严涡ZOO;1
严涡ZOO;1
严涡ZOO;1
严涡ZOO;1
严涡ZOO;1
严涡ZOO;1
严涡ZOO;1
严涡ZOO;1
严涡ZOO;1
严涡ZOO;1
严涡ZOO;1
严涡ZOO;1
严涡ZOO;1
严涡ZOO;1
严涡ZOO;1
严涡ZOO;1
严涡ZOO;1
严涡ZOO;1
严涡ZOO;1
严涡ZOO;1
严涡ZOO;1
严涡ZOO;1
严涡ZOO;1
严涡ZOO;1
严涡ZOO;1
严涡ZOO;1
严涡ZOO;1
严涡ZOO;1
严涡ZOO;1
严涡ZOO;1
严涡ZOO;1
严涡ZOO;1
严涡ZOO;1
严涡ZOO;1
严涡ZOO;1
严涡ZOO;1
严涡ZOO;1
严涡ZOO;1
严涡ZOO;1
严涡ZOO;1
严涡ZOO;1
严涡ZOO;1
严涡ZOO;1
严涡ZOO;1
严涡ZOO;1
严涡ZOO;1
严涡ZOO;1
严涡ZOO;1
严涡ZOO;1
严涡ZOO;1
严涡ZOO;1
严涡ZOO;1
严涡ZOO;1
严涡ZOO;1
严涡ZOO;1
严涡ZOO;1
严涡ZOO;1
严涡ZOO;1
严涡ZOO;1
严涡ZOO;1
严涡ZOO;1
严涡ZOO;1
严涡ZOO;1
严涡ZOO;1
严涡ZOO;1
严涡ZOO;1
严涡ZOO;1
严涡ZOO;1
严涡ZOO;1
严涡ZOO;1
严涡ZOO;1
严涡ZOO;1
严涡ZOO;1
严涡ZOO;1
严涡ZOO;1
严涡ZOO;1
严涡ZOO;1
严涡ZOO;1
严涡ZOO;1
严涡ZOO;1
严涡ZOO;1
严涡ZOO;1
严涡ZOO;1
严涡ZOO;1
严涡ZOO;1
严涡ZOO;1
严涡ZOO;1
严涡ZOO;1
严涡ZOO;1
严涡ZOO;1
严涡ZOO;1
严涡ZOO;1
严涡ZOO;1
严涡ZOO;1
严涡ZOO;1
严涡ZOO;1
严涡ZOO;1
严涡ZOO;1
严涡ZOO;1
严涡ZOO;1
严涡ZOO;1
严涡ZOO;1
严涡ZOO;1
严涡ZOO;1
严涡ZOO;1
严涡ZOO;1
严涡ZOO;1
严涡ZOO;1
严涡ZOO;1
严涡ZOO;1
严涡ZOO;1
严涡ZOO;1
严涡ZOO;1
严涡ZOO;1
严涡ZOO;1
严涡ZOO;1
严涡ZOO;1
严涡ZOO;1
严涡ZOO;1
严涡ZOO;1
严涡ZOO;1
严涡ZOO;1
严涡ZOO;1
严涡ZOO;1
严涡ZOO;1
严涡ZOO;1
严涡ZOO;1
严涡ZOO;1
严涡ZOO;1
严涡ZOO;1
严涡ZOO;1
严涡ZOO;1
严涡ZOO;1
严涡ZOO;1
严涡ZOO;1
严涡ZOO;1
严涡ZOO;1
严涡ZOO;1
严涡ZOO;1
严涡ZOO;1
严涡ZOO;1
严涡ZOO;1
严涡ZOO;1
严涡ZOO;1
严涡ZOO;1
严涡ZOO;1
严涡ZOO;1
严涡ZOO;1
严涡ZOO;1
严涡ZOO;1
严涡ZOO;1
严涡ZOO;1
严涡ZOO;1
严涡ZOO;1
严涡ZOO;1
严涡ZOO;1
严涡ZOO;1
严涡ZOO;1
严涡ZOO;1
严涡ZOO;1
严涡ZOO;1
严涡ZOO;1
严涡ZOO;1
严涡ZOO;1
严涡ZOO;1
严涡ZOO;1
严涡ZOO;1
严涡ZOO;1
严涡ZOO;1
严涡ZOO;1
严涡ZOO;1
严涡ZOO;1
严涡ZOO;1
严涡ZOO;1
严涡ZOO;1
严涡ZOO;1
严涡ZOO;1
严涡ZOO;1
严涡ZOO;1
严涡ZOO;1
严涡ZOO;1
严涡ZOO;1
严涡ZOO;1
严涡ZOO;1
严涡ZOO;1
严涡ZOO;1
严涡ZOO;1
严涡ZOO;1
严涡ZOO;1
严涡ZOO;1
严涡ZOO;1
严涡ZOO;1
严涡ZOO;1
严涡ZOO;1
严涡ZOO;1
严涡ZOO;1
严涡ZOO;1
严涡ZOO;1
严涡ZOO;1
严涡ZOO;1
严涡ZOO;1
严涡ZOO;1
严涡ZOO;1
严涡ZOO;1
严涡ZOO;1
严涡ZOO;1
严涡ZOO;1
严涡ZOO;1
严涡ZOO;1
严涡ZOO;1
严涡ZOO;1
严涡ZOO;1
严涡ZOO;1
严涡ZOO;1
严涡ZOO;1
严涡ZOO;1
严涡ZOO;1
严涡ZOO;1
严涡ZOO;1
严涡ZOO;1
严涡ZOO;1
严涡ZOO;1
严涡ZOO;1
严涡ZOO;1
严涡ZOO;1
严涡ZOO;1
严涡ZOO;1
严涡ZOO;1
严涡ZOO;1
严涡ZOO;1
严涡ZOO;1
严涡ZOO;1
严涡ZOO;1
严涡ZOO;1
严涡ZOO;1
严涡ZOO;1
严涡ZOO;1
严涡ZOO;1
严涡ZOO;1
严涡ZOO;1
严涡ZOO;1
严涡ZOO;1
严涡ZOO;1
严涡ZOO;1
严涡ZOO;1
严涡ZOO;1
严涡ZOO;1
严涡ZOO;1
严涡ZOO;1
严涡ZOO;1
严涡ZOO;1
严涡ZOO;1
严涡ZOO;1
严涡ZOO;1
严涡ZOO;1
严涡ZOO;1
严涡ZOO;1
严涡ZOO;1
严涡ZOO;1
严涡ZOO;1
严涡ZOO;1
严涡ZOO;1
严涡ZOO;1
严涡ZOO;1
严涡ZOO;1
严涡ZOO;1
严涡ZOO;1
严涡ZOO;1
严涡ZOO;1
严涡ZOO;1
严涡ZOO;1
严涡ZOO;1
严涡ZOO;1
严涡ZOO;1
严涡ZOO;1
严涡ZOO;1
严涡ZOO;1
严涡ZOO;1
严涡ZOO;1
严涡ZOO;1
严涡ZOO;1
严涡ZOO;1
严涡ZOO;1
严涡ZOO;1
严涡ZOO;1
严涡ZOO;1
严涡ZOO;1
严涡ZOO;1
严涡ZOO;1
严涡ZOO;1
严涡ZOO;1
严涡ZOO;1
严涡ZOO;1
严涡ZOO;1
严涡ZOO;1
严涡ZOO;1
严涡ZOO;1
严涡ZOO;1
严涡ZOO;1
严涡ZOO;1
严涡ZOO;1
严涡ZOO;1
严涡ZOO;1
严涡ZOO;1
严涡ZOO;1
严涡ZOO;1
严涡ZOO;1
严涡ZOO;1
严涡ZOO;1
严涡ZOO;1
严涡ZOO;1
严涡ZOO;1
严涡ZOO;1
严涡ZOO;1
严涡ZOO;1
严涡ZOO;1
严涡ZOO;1
严涡ZOO;1
严涡ZOO;1
严涡ZOO;1
严涡ZOO;1
严涡ZOO;1
严涡ZOO;1
严涡ZOO;1
严涡ZOO;1
严涡ZOO;1
严涡ZOO;1
严涡ZOO;1
严涡ZOO;1
严涡ZOO;1
严涡ZOO;1
严涡ZOO;1
严涡ZOO;1
严涡ZOO;1
严涡ZOO;1
严涡ZOO;1
严涡ZOO;1
严涡ZOO;1
严涡ZOO;1
严涡ZOO;1
严涡ZOO;1
严涡ZOO;1
严涡ZOO;1
严涡ZOO;1
严涡ZOO;1
严涡ZOO;1
严涡ZOO;1
严涡ZOO;1
严涡ZOO;1
严涡ZOO;1
严涡ZOO;1
严涡ZOO;1
严涡ZOO;1
严涡ZOO;1
严涡ZOO;1
严涡ZOO;1
严涡ZOO;1
严涡ZOO;1
严涡ZOO;1
严涡ZOO;1
严涡ZOO;1
严涡ZOO;1
严涡ZOO;1
严涡ZOO;1
严涡ZOO;1
严涡ZOO;1
严涡ZOO;1
严涡ZOO;1
严涡ZOO;1
严涡ZOO;1
严涡ZOO;1
严涡ZOO;1
严涡ZOO;1
严涡ZOO;1
严涡ZOO;1
严涡ZOO;1
严涡ZOO;1
严涡ZOO;1
严涡ZOO;1
严涡ZOO;1
严涡ZOO;1
严涡ZOO;1
严涡ZOO;1
严涡ZOO;1
严涡ZOO;1
严涡ZOO;1
严涡ZOO;1
严涡ZOO;1
严涡ZOO;1
严涡ZOO;1
严涡ZOO;1
严涡ZOO;1
严涡ZOO;1
严涡ZOO;1
严涡ZOO;1
严涡ZOO;1
严涡ZOO;1
严涡ZOO;1
严涡ZOO;1
严涡ZOO;1
严涡ZOO;1
严涡ZOO;1
严涡ZOO;1
严涡ZOO;1
严涡ZOO;1
严涡ZOO;1
严涡ZOO;1
严涡ZOO;1
严涡ZOO;1
严涡ZOO;1
严涡ZOO;1
严涡ZOO;1
严涡ZOO;1
严涡ZOO;1
严涡ZOO;1
严涡ZOO;1
严涡ZOO;1
严涡ZOO;1
严涡ZOO;1
严涡ZOO;1
严涡ZOO;1
严涡ZOO;1
严涡ZOO;1
严涡ZOO;1
严涡ZOO;1
严涡ZOO;1
严涡ZOO;1
严涡ZOO;1
严涡ZOO;1
严涡ZOO;1
严涡ZOO;1
严涡ZOO;1
严涡ZOO;1
严涡ZOO;1
严涡ZOO;1
严涡ZOO;1
严涡ZOO;1
严涡ZOO;1
严涡ZOO;1
严涡ZOO;1
严涡ZOO;1
严涡ZOO;1
严涡ZOO;1
严涡ZOO;1
严涡ZOO;1
严涡ZOO;1
严涡ZOO;1
严涡ZOO;1
严涡ZOO;1
严涡ZOO;1
严涡ZOO;1
严涡ZOO;1
严涡ZOO;1
严涡ZOO;1
严涡ZOO;1
严涡ZOO;1
严涡ZOO;1
严涡ZOO;1
严涡ZOO;1
严涡ZOO;1
严涡ZOO;1
严涡ZOO;1
严涡ZOO;1
严涡ZOO;1
严涡ZOO;1
严涡ZOO;1
严涡ZOO;1
严涡ZOO;1
严涡ZOO;1
严涡ZOO;1
严涡ZOO;1
严涡ZOO;1
严涡ZOO;1
严涡ZOO;1
严涡ZOO;1
严涡ZOO;1
严涡ZOO;1
严涡ZOO;1
严涡ZOO;1
严涡ZOO;1
严涡ZOO;1
严涡ZOO;1
严涡ZOO;1
严涡ZOO;1
严涡ZOO;1
严涡ZOO;1
严涡ZOO;1
严涡ZOO;1
严涡ZOO;1
严涡ZOO;1
严涡ZOO;1
严涡ZOO;1
严涡ZOO;1
严涡ZOO;1
严涡ZOO;1
严涡ZOO;1
严涡ZOO;1
严涡ZOO;1
严涡ZOO;1
严涡ZOO;1
严涡ZOO;1
严涡ZOO;1
严涡ZOO;1
严涡ZOO;1
严涡ZOO;1
严涡ZOO;1
严涡ZOO;1
严涡ZOO;1
严涡ZOO;1
严涡ZOO;1
严涡ZOO;1
严涡ZOO;1
严涡ZOO;1
严涡ZOO;1
严涡ZOO;1
严涡ZOO;1
严涡ZOO;1
严涡ZOO;1
严涡ZOO;1
严涡ZOO;1
严涡ZOO;1
严涡ZOO;1
严涡ZOO;1
严涡ZOO;1
严涡ZOO;1
严涡ZOO;1
严涡ZOO;1
严涡ZOO;1
严涡ZOO;1
严涡ZOO;1
严涡ZOO;1
严涡ZOO;1
严涡ZOO;1
严涡ZOO;1
严涡ZOO;1
严涡ZOO;1
严涡ZOO;1
严涡ZOO;1
严涡ZOO;1
严涡ZOO;1
严涡ZOO;1
严涡ZOO;1
严涡ZOO;1
严涡ZOO;1
严涡ZOO;1
严涡ZOO;1
严涡ZOO;1
严涡ZOO;1
严涡ZOO;1
严涡ZOO;1
严涡ZOO;1
严涡ZOO;1
严涡ZOO;1
严涡ZOO;1
严涡ZOO;1
严涡ZOO;1
严涡ZOO;1
严涡ZOO;1
严涡ZOO;1
严涡ZOO;1
严涡ZOO;1
严涡ZOO;1
严涡ZOO;1
严涡ZOO;1
严涡ZOO;1
严涡ZOO;1
严涡ZOO;1
严涡ZOO;1
严涡ZOO;1
严涡ZOO;1
严涡ZOO;1
严涡ZOO;1
严涡ZOO;1
严涡ZOO;1
严涡ZOO;1
严涡ZOO;1
严涡ZOO;1
严涡ZOO;1
严涡ZOO;1
严涡ZOO;1
严涡ZOO;1
严涡ZOO;1
严涡ZOO;1
严涡ZOO;1
严涡ZOO;1
严涡ZOO;1
严涡ZOO;1
严涡ZOO;1
严涡ZOO;1
严涡ZOO;1
严涡ZOO;1
严涡ZOO;1
严涡ZOO;1
严涡ZOO;1
严涡ZOO;1
严涡ZOO;1
严涡ZOO;1
严涡ZOO;1
严涡ZOO;1
严涡ZOO;1
严涡ZOO;1
严涡ZOO;1
严涡ZOO;1
严涡ZOO;1
严涡ZOO;1
严涡ZOO;1
严涡ZOO;1
严涡ZOO;1
严涡ZOO;1
严涡ZOO;1
严涡ZOO;1
严涡ZOO;1
严涡ZOO;1
严涡ZOO;1
严涡ZOO;1
严涡ZOO;1
严涡ZOO;1
严涡ZOO;1
严涡ZOO;1
严涡ZOO;1
严涡ZOO;1
严涡ZOO;1
严涡ZOO;1
严涡ZOO;1
严涡ZOO;1
严涡ZOO;1
严涡ZOO;1
严涡ZOO;1
严涡ZOO;1
严涡ZOO;1
严涡ZOO;1
严涡ZOO;1
严涡ZOO;1
严涡ZOO;1
严涡ZOO;1
严涡ZOO;1
严涡ZOO;1
严涡ZOO;1
严涡ZOO;1
严涡ZOO;1
严涡ZOO;1
严涡ZOO;1
严涡ZOO;1
严涡ZOO;1
严涡ZOO;1
严涡ZOO;1
严涡ZOO;1
严涡ZOO;1
严涡ZOO;1
严涡ZOO;1
严涡ZOO;1
严涡ZOO;1
严涡ZOO;1
严涡ZOO;1
严涡ZOO;1
严涡ZOO;1
严涡ZOO;1
严涡ZOO;1
严涡ZOO;1
严涡ZOO;1
严涡ZOO;1
严涡ZOO;1
严涡ZOO;1
严涡ZOO;1
严涡ZOO;1
严涡ZOO;1
严涡ZOO;1
严涡ZOO;1
严涡ZOO;1
严涡ZOO;1
严涡ZOO;1
严涡ZOO;1
严涡ZOO;1
严涡ZOO;1
严涡ZOO;1
严涡ZOO;1
严涡ZOO;1
严涡ZOO;1
严涡ZOO;1
严涡ZOO;1
严涡ZOO;1
严涡ZOO;1
严涡ZOO;1
严涡ZOO;1
严涡ZOO;1
严涡ZOO;1
严涡ZOO;1
严涡ZOO;1
严涡ZOO;1
严涡ZOO;1
严涡ZOO;1
严涡ZOO;1
严涡ZOO;1
严涡ZOO;1
严涡ZOO;1
严涡ZOO;1
严涡ZOO;1
严涡ZOO;1
严涡ZOO;1
严涡ZOO;1
严涡ZOO;1
严涡ZOO;1
严涡ZOO;1
严涡ZOO;1
严涡ZOO;1
严涡ZOO;1
严涡ZOO;1
严涡ZOO;1
严涡ZOO;1
严涡ZOO;1
严涡ZOO;1
严涡ZOO;1
严涡ZOO;1
严涡ZOO;1
严涡ZOO;1
严涡ZOO;1
严涡ZOO;1
严涡ZOO;1
严涡ZOO;1
严涡ZOO;1
严涡ZOO;1
严涡ZOO;1
严涡ZOO;1
严涡ZOO;1
严涡ZOO;1
严涡ZOO;1
严涡ZOO;1
严涡ZOO;1
严涡ZOO;1
严涡ZOO;1
严涡ZOO;1
严涡ZOO;1
严涡ZOO;1
严涡ZOO;1
严涡ZOO;1
严涡ZOO;1
严涡ZOO;1
严涡ZOO;1
严涡ZOO;1
严涡ZOO;1
严涡ZOO;1
严涡ZOO;1
严涡ZOO;1
严涡ZOO;1
严涡ZOO;1
严涡ZOO;1
严涡ZOO;1
严涡ZOO;1
严涡ZOO;1
严涡ZOO;1
严涡ZOO;1
严涡ZOO;1
严涡ZOO;1
严涡ZOO;1
严涡ZOO;1
严涡ZOO;1
严涡ZOO;1
严涡ZOO;1
严涡ZOO;1
严涡ZOO;1
严涡ZOO;1
严涡ZOO;1
严涡ZOO;1
严涡ZOO;1
严涡ZOO;1
严涡ZOO;1
严涡ZOO;1
严涡ZOO;1
严涡ZOO;1
严涡ZOO;1
严涡ZOO;1
严涡ZOO;1
严涡ZOO;1
严涡ZOO;1
严涡ZOO;1
严涡ZOO;1
严涡ZOO;1
严涡ZOO;1
严涡ZOO;1
严涡ZOO;1
严涡ZOO;1
严涡ZOO;1
严涡ZOO;1
严涡ZOO;1
严涡ZOO;1
严涡ZOO;1
严涡ZOO;1
严涡ZOO;1
严涡ZOO;1
严涡ZOO;1
严涡ZOO;1
严涡ZOO;1
严涡ZOO;1
严涡ZOO;1
严涡ZOO;1
严涡ZOO;1
严涡ZOO;1
严涡ZOO;1
严涡ZOO;1
严涡ZOO;1
严涡ZOO;1
严涡ZOO;1
严涡ZOO;1
严涡ZOO;1
严涡ZOO;1
严涡ZOO;1
严涡ZOO;1
严涡ZOO;1
严涡ZOO;1
严涡ZOO;1
严涡ZOO;1
严涡ZOO;1
严涡ZOO;1
严涡ZOO;1
严涡ZOO;1
严涡ZOO;1
严涡ZOO;1
严涡ZOO;1
严涡ZOO;1
严涡ZOO;1
严涡ZOO;1
严涡ZOO;1
严涡ZOO;1
严涡ZOO;1
严涡ZOO;1
严涡ZOO;1
严涡ZOO;1
严涡ZOO;1
严涡ZOO;1
严涡ZOO;1
严涡ZOO;1
严涡ZOO;1
严涡ZOO;1
严涡ZOO;1
严涡ZOO;1
严涡ZOO;1
严涡ZOO;1
严涡ZOO;1
严涡ZOO;1
严涡ZOO;1
严涡ZOO;1
严涡ZOO;1
严涡ZOO;1
严涡ZOO;1
严涡ZOO;1
严涡ZOO;1
严涡ZOO;1
严涡ZOO;1
严涡ZOO;1
严涡ZOO;1
严涡ZOO;1
严涡ZOO;1
严涡ZOO;1
严涡ZOO;1
严涡ZOO;1
严涡ZOO;1
严涡ZOO;1
严涡ZOO;1
严涡ZOO;1
严涡ZOO;1
严涡ZOO;1
严涡ZOO;1
严涡ZOO;1
严涡ZOO;1
严涡ZOO;1
严涡ZOO;1
严涡ZOO;1
严涡ZOO;1
严涡ZOO;1
严涡ZOO;1
严涡ZOO;1
严涡ZOO;1
严涡ZOO;1
严涡ZOO;1
严涡ZOO;1
严涡ZOO;1
严涡ZOO;1
严涡ZOO;1
严涡ZOO;1
严涡ZOO;1
严涡ZOO;1
严涡ZOO;1
严涡ZOO;1
严涡ZOO;1
严涡ZOO;1
严涡ZOO;1
严涡ZOO;1
严涡ZOO;1
严涡ZOO;1
严涡ZOO;1
严涡ZOO;1
严涡ZOO;1
严涡ZOO;1
严涡ZOO;1
严涡ZOO;1
严涡ZOO;1
严涡ZOO;1
严涡ZOO;1
严涡ZOO;1
严涡ZOO;1
严涡ZOO;1
严涡ZOO;1
严涡ZOO;1
严涡ZOO;1
严涡ZOO;1
严涡ZOO;1
严涡ZOO;1
严涡ZOO;1
严涡ZOO;1
严涡ZOO;1
严涡ZOO;1
严涡ZOO;1
严涡ZOO;1
严涡ZOO;1
严涡ZOO;1
严涡ZOO;1
严涡ZOO;1
严涡ZOO;1
严涡ZOO;1
严涡ZOO;1
严涡ZOO;1
严涡ZOO;1
严涡ZOO;1
严涡ZOO;1
严涡ZOO;1
严涡ZOO;1
严涡ZOO;1
严涡ZOO;1
严涡ZOO;1
严涡ZOO;1
严涡ZOO;1
严涡ZOO;1
严涡ZOO;1
严涡ZOO;1
严涡ZOO;1
严涡ZOO;1
严涡ZOO;1
严涡ZOO;1
严涡ZOO;1
严涡ZOO;1
严涡ZOO;1
严涡ZOO;1
严涡ZOO;1
严涡ZOO;1
严涡ZOO;1
严涡ZOO;1
严涡ZOO;1
严涡ZOO;1
严涡ZOO;1
严涡ZOO;1
严涡ZOO;1
严涡ZOO;1
严涡ZOO;1
严涡ZOO;1
严涡ZOO;1
严涡ZOO;1
严涡ZOO;1
严涡ZOO;1
严涡ZOO;1
严涡ZOO;1
严涡ZOO;1
严涡ZOO;1
严涡ZOO;1
严涡ZOO;1
严涡ZOO;1
严涡ZOO;1
严涡ZOO;1
严涡ZOO;1
严涡ZOO;1
严涡ZOO;1
严涡ZOO;1
严涡ZOO;1
严涡ZOO;1
严涡ZOO;1
严涡ZOO;1
严涡ZOO;1
严涡ZOO;1
严涡ZOO;1
严涡ZOO;1
严涡ZOO;1
严涡ZOO;1
严涡ZOO;1
严涡ZOO;1
严涡ZOO;1
严涡ZOO;1
严涡ZOO;1
严涡ZOO;1
严涡ZOO;1
严涡ZOO;1
严涡ZOO;1
严涡ZOO;1
严涡ZOO;1
严涡ZOO;1
严涡ZOO;1
严涡ZOO;1
严涡ZOO;1
严涡ZOO;1
严涡ZOO;1
严涡ZOO;1
严涡ZOO;1
严涡ZOO;1
严涡ZOO;1
严涡ZOO;1
严涡ZOO;1
严涡ZOO;1
严涡ZOO;1
严涡ZOO;1
严涡ZOO;1
严涡ZOO;1
严涡ZOO;1
严涡ZOO;1
严涡ZOO;1
严涡ZOO;1
严涡ZOO;1
严涡ZOO;1
严涡ZOO;1
严涡ZOO;1
严涡ZOO;1
严涡ZOO;1
严涡ZOO;1
严涡ZOO;1
严涡ZOO;1
严涡ZOO;1
严涡ZOO;1
严涡ZOO;1
严涡ZOO;1
严涡ZOO;1
严涡ZOO;1
严涡ZOO;1
严涡ZOO;1
严涡ZOO;1
严涡ZOO;1
严涡ZOO;1
严涡ZOO;1
严涡ZOO;1
严涡ZOO;1
严涡ZOO;1
严涡ZOO;1
严涡ZOO;1
严涡ZOO;1
严涡ZOO;1
严涡ZOO;1
严涡ZOO;1
严涡ZOO;1
严涡ZOO;1
严涡ZOO;1
严涡ZOO;1
严涡ZOO;1
严涡ZOO;1
严涡ZOO;1
严涡ZOO;1
严涡ZOO;1
严涡ZOO;1
严涡ZOO;1
严涡ZOO;1
严涡ZOO;1
严涡ZOO;1
严涡ZOO;1
严涡ZOO;1
严涡ZOO;1
严涡ZOO;1
严涡ZOO;1
严涡ZOO;1
严涡ZOO;1
严涡ZOO;1
严涡ZOO;1
严涡ZOO;1
严涡ZOO;1
严涡ZOO;1
严涡ZOO;1
严涡ZOO;1
严涡ZOO;1
严涡ZOO;1
严涡ZOO;1
严涡ZOO;1
严涡ZOO;1
严涡ZOO;1
严涡ZOO;1
严涡ZOO;1
严涡ZOO;1
严涡ZOO;1
严涡ZOO;1
严涡ZOO;1
严涡ZOO;1
严涡ZOO;1
严涡ZOO;1
严涡ZOO;1
严涡ZOO;1
严涡ZOO;1
严涡ZOO;1
严涡ZOO;1
严涡ZOO;1
严涡ZOO;1
严涡ZOO;1
严涡ZOO;1
严涡ZOO;1
严涡ZOO;1
严涡ZOO;1
严涡ZOO;1
严涡ZOO;1
严涡ZOO;1
严涡ZOO;1
严涡ZOO;1
严涡ZOO;1
严涡ZOO;1
严涡ZOO;1
严涡ZOO;1
严涡ZOO;1
严涡ZOO;1
严涡ZOO;1
严涡ZOO;1
严涡ZOO;1
严涡ZOO;1
严涡ZOO;1
严涡ZOO;1
严涡ZOO;1
严涡ZOO;1
严涡ZOO;1
严涡ZOO;1
严涡ZOO;1
严涡ZOO;1
严涡ZOO;1
严涡ZOO;1
严涡ZOO;1
严涡ZOO;1
严涡ZOO;1
严涡ZOO;1
严涡ZOO;1
严涡ZOO;1
严涡ZOO;1
严涡ZOO;1
严涡ZOO;1
严涡ZOO;1
严涡ZOO;1
严涡ZOO;1
严涡ZOO;1
严涡ZOO;1
严涡ZOO;1
严涡ZOO;1
严涡ZOO;1
严涡ZOO;1
严涡ZOO;1
严涡ZOO;1
严涡ZOO;1
严涡ZOO;1
严涡ZOO;1
严涡ZOO;1
严涡ZOO;1
严涡ZOO;1
严涡ZOO;1
严涡ZOO;1
严涡ZOO;1
严涡ZOO;1
严涡ZOO;1
严涡ZOO;1
严涡ZOO;1
严涡ZOO;1
严涡ZOO;1
严涡ZOO;1
严涡ZOO;1
严涡ZOO;1
严涡ZOO;1
严涡ZOO;1
严涡ZOO;1
严涡ZOO;1
严涡ZOO;1
严涡ZOO;1
严涡ZOO;1
严涡ZOO;1
严涡ZOO;1
严涡ZOO;1
严涡ZOO;1
严涡ZOO;1
严涡ZOO;1
严涡ZOO;1
严涡ZOO;1
严涡ZOO;1
严涡ZOO;1
严涡ZOO;1
严涡ZOO;1
严涡ZOO;1
严涡ZOO;1
严涡ZOO;1
严涡ZOO;1
严涡ZOO;1
严涡ZOO;1
严涡ZOO;1
严涡ZOO;1
严涡ZOO;1
严涡ZOO;1
严涡ZOO;1
严涡ZOO;1
严涡ZOO;1
严涡ZOO;1
严涡ZOO;1
严涡ZOO;1
严涡ZOO;1
严涡ZOO;1
严涡ZOO;1
严涡ZOO;1
严涡ZOO;1
严涡ZOO;1
严涡ZOO;1
严涡ZOO;1
严涡ZOO;1
严涡ZOO;1
严涡ZOO;1
严涡ZOO;1
严涡ZOO;1
严涡ZOO;1
严涡ZOO;1
严涡ZOO;1
严涡ZOO;1
严涡ZOO;1
严涡ZOO;1
严涡ZOO;1
严涡ZOO;1
严涡ZOO;1
严涡ZOO;1
严涡ZOO;1
严涡ZOO;1
严涡ZOO;1
严涡ZOO;1
严涡ZOO;1
严涡ZOO;1
严涡ZOO;1
严涡ZOO;1
严涡ZOO;1
严涡ZOO;1
严涡ZOO;1
严涡ZOO;1
严涡ZOO;1
严涡ZOO;1
严涡ZOO;1
严涡ZOO;1
严涡ZOO;1
严涡ZOO;1
严涡ZOO;1
严涡ZOO;1
严涡ZOO;1
严涡ZOO;1
严涡ZOO;1
严涡ZOO;1
严涡ZOO;1
严涡ZOO;1
严涡ZOO;1
严涡ZOO;1
严涡ZOO;1
严涡ZOO;1
严涡ZOO;1
严涡ZOO;1
严涡ZOO;1
严涡ZOO;1
严涡ZOO;1
严涡ZOO;1
严涡ZOO;1
严涡ZOO;1
严涡ZOO;1
严涡ZOO;1
严涡ZOO;1
严涡ZOO;1
严涡ZOO;1
严涡ZOO;1
严涡ZOO;1
严涡ZOO;1
严涡ZOO;1
严涡ZOO;1
严涡ZOO;1
严涡ZOO;1
严涡ZOO;1
严涡ZOO;1
严涡ZOO;1
严涡ZOO;1
严涡ZOO;1
严涡ZOO;1
严涡ZOO;1
严涡ZOO;1
严涡ZOO;1
严涡ZOO;1
严涡ZOO;1
严涡ZOO;1
严涡ZOO;1
严涡ZOO;1
严涡ZOO;1
严涡ZOO;1
严涡ZOO;1
严涡ZOO;1
严涡ZOO;1
严涡ZOO;1
严涡ZOO;1
严涡ZOO;1
严涡ZOO;1
严涡ZOO;1
严涡ZOO;1
严涡ZOO;1
严涡ZOO;1
严涡ZOO;1
严涡ZOO;1
严涡ZOO;1
严涡ZOO;1
严涡ZOO;1
严涡ZOO;1
严涡ZOO;1
严涡ZOO;1
严涡ZOO;1
严涡ZOO;1
严涡ZOO;1
严涡ZOO;1
严涡ZOO;1
严涡ZOO;1
严涡ZOO;1
严涡ZOO;1
严涡ZOO;1
严涡ZOO;1
严涡ZOO;1
严涡ZOO;1
严涡ZOO;1
严涡ZOO;1
严涡ZOO;1
严涡ZOO;1
严涡ZOO;1
严涡ZOO;1
严涡ZOO;1
严涡ZOO;1
严涡ZOO;1
严涡ZOO;1
严涡ZOO;1
严涡ZOO;1
严涡ZOO;1
严涡ZOO;1
严涡ZOO;1
严涡ZOO;1
严涡ZOO;1
严涡ZOO;1
严涡ZOO;1
严涡ZOO;1
严涡ZOO;1
严涡ZOO;1
严涡ZOO;1
严涡ZOO;1
严涡ZOO;1
严涡ZOO;1
严涡ZOO;1
严涡ZOO;1
严涡ZOO;1
严涡ZOO;1
严涡ZOO;1
严涡ZOO;1
严涡ZOO;1
严涡ZOO;1
严涡ZOO;1
严涡ZOO;1
严涡ZOO;1
严涡ZOO;1
严涡ZOO;1
严涡ZOO;1
严涡ZOO;1
严涡ZOO;1
严涡ZOO;1
严涡ZOO;1
严涡ZOO;1
严涡ZOO;1
严涡ZOO;1
严涡ZOO;1
严涡ZOO;1
严涡ZOO;1
严涡ZOO;1
严涡ZOO;1
严涡ZOO;1
严涡ZOO;1
严涡ZOO;1
严涡ZOO;1
严涡ZOO;1
严涡ZOO;1
严涡ZOO;1
严涡ZOO;1
严涡ZOO;1
严涡ZOO;1
严涡ZOO;1
严涡ZOO;1
严涡ZOO;1
严涡ZOO;1
严涡ZOO;1
严涡ZOO;1
严涡ZOO;1
严涡ZOO;1
严涡ZOO;1
严涡ZOO;1
严涡ZOO;1
严涡ZOO;1
严涡ZOO;1
严涡ZOO;1
严涡ZOO;1
严涡ZOO;1
严涡ZOO;1
严涡ZOO;1
严涡ZOO;1
严涡ZOO;1
严涡ZOO;1
严涡ZOO;1
严涡ZOO;1
严涡ZOO;1
严涡ZOO;1
严涡ZOO;1
严涡ZOO;1
严涡ZOO;1
严涡ZOO;1
严涡ZOO;1
严涡ZOO;1
严涡ZOO;1
严涡ZOO;1
严涡ZOO;1
严涡ZOO;1
严涡ZOO;1
严涡ZOO;1
严涡ZOO;1
严涡ZOO;1
严涡ZOO;1
严涡ZOO;1
严涡ZOO;1
严涡ZOO;1
严涡ZOO;1
严涡ZOO;1
严涡ZOO;1
严涡ZOO;1
严涡ZOO;1
严涡ZOO;1
严涡ZOO;1
严涡ZOO;1
严涡ZOO;1
严涡ZOO;1
严涡ZOO;1
严涡ZOO;1
严涡ZOO;1
严涡ZOO;1
严涡ZOO;1
严涡ZOO;1
严涡ZOO;1
严涡ZOO;1
严涡ZOO;1
严涡ZOO;1
严涡ZOO;1
严涡ZOO;1
严涡ZOO;1
严涡ZOO;1
严涡ZOO;1
严涡ZOO;1
严涡ZOO;1
严涡ZOO;1
严涡ZOO;1
严涡ZOO;1
严涡ZOO;1
严涡ZOO;1
严涡ZOO;1
严涡ZOO;1
严涡ZOO;1
严涡ZOO;1
严涡ZOO;1
严涡ZOO;1
严涡ZOO;1
严涡ZOO;1
严涡ZOO;1
严涡ZOO;1
严涡ZOO;1
严涡ZOO;1
严涡ZOO;1
严涡ZOO;1
严涡ZOO;1
严涡ZOO;1
严涡ZOO;1
严涡ZOO;1
严涡ZOO;1
严涡ZOO;1
严涡ZOO;1
严涡ZOO;1
严涡ZOO;1
严涡ZOO;1
严涡ZOO;1
严涡ZOO;1
严涡ZOO;1
严涡ZOO;1
严涡ZOO;1
严涡ZOO;1
严涡ZOO;1
严涡ZOO;1
严涡ZOO;1
严涡ZOO;1
严涡ZOO;1
严涡ZOO;1
严涡ZOO;1
严涡ZOO;1
严涡ZOO;1
严涡ZOO;1
严涡ZOO;1
严涡ZOO;1
严涡ZOO;1
严涡ZOO;1
严涡ZOO;1
严涡ZOO;1
严涡ZOO;1
严涡ZOO;1
严涡ZOO;1
严涡ZOO;1
严涡ZOO;1
严涡ZOO;1
严涡ZOO;1
严涡ZOO;1
严涡ZOO;1
严涡ZOO;1
严涡ZOO;1
严涡ZOO;1
严涡ZOO;1
严涡ZOO;1
严涡ZOO;1
严涡ZOO;1
严涡ZOO;1
严涡ZOO;1
严涡ZOO;1
严涡ZOO;1
严涡ZOO;1
严涡ZOO;1
严涡ZOO;1
严涡ZOO;1
严涡ZOO;1
严涡ZOO;1
严涡ZOO;1
严涡ZOO;1
严涡ZOO;1
严涡ZOO;1
严涡ZOO;1
严涡ZOO;1
严涡ZOO;1
严涡ZOO;1
严涡ZOO;1
严涡ZOO;1
严涡ZOO;1
严涡ZOO;1
严涡ZOO;1
严涡ZOO;1
严涡ZOO;1
严涡ZOO;1
严涡ZOO;1
严涡ZOO;1
严涡ZOO;1
严涡ZOO;1
严涡ZOO;1
严涡ZOO;1
严涡ZOO;1
严涡ZOO;1
严涡ZOO;1
严涡ZOO;1
严涡ZOO;1
严涡ZOO;1
严涡ZOO;1
严涡ZOO;1
严涡ZOO;1
严涡ZOO;1
严涡ZOO;1
严涡ZOO;1
严涡ZOO;1
严涡ZOO;1
严涡ZOO;1
严涡ZOO;1
严涡ZOO;1
严涡ZOO;1
严涡ZOO;1
严涡ZOO;1
严涡ZOO;1
严涡ZOO;1
严涡ZOO;1
严涡ZOO;1
严涡ZOO;1
严涡ZOO;1
严涡ZOO;1
严涡ZOO;1
严涡ZOO;1
严涡ZOO;1
严涡ZOO;1
严涡ZOO;1
严涡ZOO;1
严涡ZOO;1
严涡ZOO;1
严涡ZOO;1
严涡ZOO;1
严涡ZOO;1
严涡ZOO;1
严涡ZOO;1
严涡ZOO;1
严涡ZOO;1
严涡ZOO;1
严涡ZOO;1
严涡ZOO;1
严涡ZOO;1
严涡ZOO;1
严涡ZOO;1
严涡ZOO;1
严涡ZOO;1
严涡ZOO;1
严涡ZOO;1
严涡ZOO;1
严涡ZOO;1
严涡ZOO;1
严涡ZOO;1
严涡ZOO;1
严涡ZOO;1
严涡ZOO;1
严涡ZOO;1
严涡ZOO;1
严涡ZOO;1
严涡ZOO;1
严涡ZOO;1
严涡ZOO;1
严涡ZOO;1
严涡ZOO;1
严涡ZOO;1
严涡ZOO;1
严涡ZOO;1
严涡ZOO;1
严涡ZOO;1
严涡ZOO;1
严涡ZOO;1
严涡ZOO;1
严涡ZOO;1
严涡ZOO;1
严涡ZOO;1
严涡ZOO;1
严涡ZOO;1
严涡ZOO;1
严涡ZOO;1
严涡ZOO;1
严涡ZOO;1
严涡ZOO;1
严涡ZOO;1
严涡ZOO;1
严涡ZOO;1
严涡ZOO;1
严涡ZOO;1
严涡ZOO;1
严涡ZOO;1
严涡ZOO;1
严涡ZOO;1
严涡ZOO;1
严涡ZOO;1
严涡ZOO;1
严涡ZOO;1
严涡ZOO;1
严涡ZOO;1
严涡ZOO;1
严涡ZOO;1
严涡ZOO;1
严涡ZOO;1
严涡ZOO;1
严涡ZOO;1
严涡ZOO;1
严涡ZOO;1
严涡ZOO;1
严涡ZOO;1
严涡ZOO;1
严涡ZOO;1
严涡ZOO;1
严涡ZOO;1
严涡ZOO;1
严涡ZOO;1
严涡ZOO;1
严涡ZOO;1
严涡ZOO;1
严涡ZOO;1
严涡ZOO;1
严涡ZOO;1
严涡ZOO;1
严涡ZOO;1
严涡ZOO;1
严涡ZOO;1
严涡ZOO;1
严涡ZOO;1
严涡ZOO;1
严涡ZOO;1
严涡ZOO;1
严涡ZOO;1
严涡ZOO;1
严涡ZOO;1
严涡ZOO;1
严涡ZOO;1
严涡ZOO;1
严涡ZOO;1
严涡ZOO;1
严涡ZOO;1
严涡ZOO;1
严涡ZOO;1
严涡ZOO;1
严涡ZOO;1
严涡ZOO;1
严涡ZOO;1
严涡ZOO;1
严涡ZOO;1
严涡ZOO;1
严涡ZOO;1
严涡ZOO;1
严涡ZOO;1
严涡ZOO;1
严涡ZOO;1
严涡ZOO;1
严涡ZOO;1
严涡ZOO;1
严涡ZOO;1
严涡ZOO;1
严涡ZOO;1
严涡ZOO;1
严涡ZOO;1
严涡ZOO;1
严涡ZOO;1
严涡ZOO;1
严涡ZOO;1
严涡ZOO;1
严涡ZOO;1
严涡ZOO;1
严涡ZOO;1
严涡ZOO;1
严涡ZOO;1
严涡ZOO;1
严涡ZOO;1
严涡ZOO;1
严涡ZOO;1
严涡ZOO;1
严涡ZOO;1
严涡ZOO;1
严涡ZOO;1
严涡ZOO;1
严涡ZOO;1
严涡ZOO;1
严涡ZOO;1
严涡ZOO;1
严涡ZOO;1
严涡ZOO;1
严涡ZOO;1
严涡ZOO;1
严涡ZOO;1
严涡ZOO;1
严涡ZOO;1
严涡ZOO;1
严涡ZOO;1
严涡ZOO;1
严涡ZOO;1
严涡ZOO;1
严涡ZOO;1
严涡ZOO;1
严涡ZOO;1
严涡ZOO;1
严涡ZOO;1
严涡ZOO;1
严涡ZOO;1
严涡ZOO;1
严涡ZOO;1
严涡ZOO;1
严涡ZOO;1
严涡ZOO;1
严涡ZOO;1
严涡ZOO;1
严涡ZOO;1
严涡ZOO;1
严涡ZOO;1
严涡ZOO;1
严涡ZOO;1
严涡ZOO;1
严涡ZOO;1
严涡ZOO;1
严涡ZOO;1
严涡ZOO;1
严涡ZOO;1
严涡ZOO;1
严涡ZOO;1
严涡ZOO;1
严涡ZOO;1
严涡ZOO;1
严涡ZOO;1
严涡ZOO;1
严涡ZOO;1
严涡ZOO;1
严涡ZOO;1
严涡ZOO;1
严涡ZOO;1
严涡ZOO;1
严涡ZOO;1
严涡ZOO;1
严涡ZOO;1
严涡ZOO;1
严涡ZOO;1
严涡ZOO;1
严涡ZOO;1
严涡ZOO;1
严涡ZOO;1
严涡ZOO;1
严涡ZOO;1
严涡ZOO;1
严涡ZOO;1
严涡ZOO;1
严涡ZOO;1
严涡ZOO;1
严涡ZOO;1
严涡ZOO;1
严涡ZOO;1
严涡ZOO;1
严涡ZOO;1
严涡ZOO;1
严涡ZOO;1
严涡ZOO;1
严涡ZOO;1
严涡ZOO;1
严涡ZOO;1
严涡ZOO;1
严涡ZOO;1
严涡ZOO;1
严涡ZOO;1
严涡ZOO;1
严涡ZOO;1
严涡ZOO;1
严涡ZOO;1
严涡ZOO;1
严涡ZOO;1
严涡ZOO;1
严涡ZOO;1
严涡ZOO;1
严涡ZOO;1
严涡ZOO;1
严涡ZOO;1
严涡ZOO;1
严涡ZOO;1
严涡ZOO;1
严涡ZOO;1
严涡ZOO;1
严涡ZOO;1
严涡ZOO;1
严涡ZOO;1
严涡ZOO;1
严涡ZOO;1
严涡ZOO;1
严涡ZOO;1
严涡ZOO;1
严涡ZOO;1
严涡ZOO;1
严涡ZOO;1
严涡ZOO;1
严涡ZOO;1
严涡ZOO;1
严涡ZOO;1
严涡ZOO;1
严涡ZOO;1
严涡ZOO;1
严涡ZOO;1
严涡ZOO;1
严涡ZOO;1
严涡ZOO;1
严涡ZOO;1
严涡ZOO;1
严涡ZOO;1
严涡ZOO;1
严涡ZOO;1
严涡ZOO;1
严涡ZOO;1
严涡ZOO;1
严涡ZOO;1
严涡ZOO;1
严涡ZOO;1
严涡ZOO;1
严涡ZOO;1
严涡ZOO;1
严涡ZOO;1
严涡ZOO;1
严涡ZOO;1
严涡ZOO;1
严涡ZOO;1
严涡ZOO;1
严涡ZOO;1
严涡ZOO;1
严涡ZOO;1
严涡ZOO;1
严涡ZOO;1
严涡ZOO;1
严涡ZOO;1
严涡ZOO;1
严涡ZOO;1
严涡ZOO;1
严涡ZOO;1
严涡ZOO;1
严涡ZOO;1
严涡ZOO;1
严涡ZOO;1
严涡ZOO;1
严涡ZOO;1
严涡ZOO;1
严涡ZOO;1
严涡ZOO;1
严涡ZOO;1
严涡ZOO;1
严涡ZOO;1
严涡ZOO;1
严涡ZOO;1
严涡ZOO;1
严涡ZOO;1
严涡ZOO;1
严涡ZOO;1
严涡ZOO;1
严涡ZOO;1
严涡ZOO;1
严涡ZOO;1
严涡ZOO;1
严涡ZOO;1
严涡ZOO;1
严涡ZOO;1
严涡ZOO;1
严涡ZOO;1
严涡ZOO;1
严涡ZOO;1
严涡ZOO;1
严涡ZOO;1
严涡ZOO;1
严涡ZOO;1
严涡ZOO;1
严涡ZOO;1
严涡ZOO;1
严涡ZOO;1
严涡ZOO;1
严涡ZOO;1
严涡ZOO;1
严涡ZOO;1
严涡ZOO;1
严涡ZOO;1
严涡ZOO;1
严涡ZOO;1
严涡ZOO;1
严涡ZOO;1
严涡ZOO;1
严涡ZOO;1
严涡ZOO;1
严涡ZOO;1
严涡ZOO;1
严涡ZOO;1
严涡ZOO;1
严涡ZOO;1
严涡ZOO;1
严涡ZOO;1
严涡ZOO;1
严涡ZOO;1
严涡ZOO;1
严涡ZOO;1
严涡ZOO;1
严涡ZOO;1
严涡ZOO;1
严涡ZOO;1
严涡ZOO;1
严涡ZOO;1
严涡ZOO;1
严涡ZOO;1
严涡ZOO;1
严涡ZOO;1
严涡ZOO;1
严涡ZOO;1
严涡ZOO;1
严涡ZOO;1
严涡ZOO;1
严涡ZOO;1
严涡ZOO;1
严涡ZOO;1
严涡ZOO;1
严涡ZOO;1
严涡ZOO;1
严涡ZOO;1
严涡ZOO;1
严涡ZOO;1
严涡ZOO;1
严涡ZOO;1
严涡ZOO;1
严涡ZOO;1
严涡ZOO;1
严涡ZOO;1
严涡ZOO;1
严涡ZOO;1
严涡ZOO;1
严涡ZOO;1
严涡ZOO;1
严涡ZOO;1
严涡ZOO;1
严涡ZOO;1
严涡ZOO;1
严涡ZOO;1
严涡ZOO;1
严涡ZOO;1
严涡ZOO;1
严涡ZOO;1
严涡ZOO;1
严涡ZOO;1
严涡ZOO;1
严涡ZOO;1
严涡ZOO;1
严涡ZOO;1
严涡ZOO;1
严涡ZOO;1
严涡ZOO;1
严涡ZOO;1
严涡ZOO;1
严涡ZOO;1
严涡ZOO;1
严涡ZOO;1
严涡ZOO;1
严涡ZOO;1
严涡ZOO;1
严涡ZOO;1
严涡ZOO;1
严涡ZOO;1
严涡ZOO;1
严涡ZOO;1
严涡ZOO;1
严涡ZOO;1
严涡ZOO;1
严涡ZOO;1
严涡ZOO;1
严涡ZOO;1
严涡ZOO;1
严涡ZOO;1
严涡ZOO;1
严涡ZOO;1
严涡ZOO;1
严涡ZOO;1
严涡ZOO;1
严涡ZOO;1
严涡ZOO;1
严涡ZOO;1
严涡ZOO;1
严涡ZOO;1
严涡ZOO;1
严涡ZOO;1
严涡ZOO;1
严涡ZOO;1
严涡ZOO;1
严涡ZOO;1
严涡ZOO;1
严涡ZOO;1
严涡ZOO;1
严涡ZOO;1
严涡ZOO;1
严涡ZOO;1
严涡ZOO;1
严涡ZOO;1
严涡ZOO;1
严涡ZOO;1
严涡ZOO;1
严涡ZOO;1
严涡ZOO;1
严涡ZOO;1
严涡ZOO;1
严涡ZOO;1
严涡ZOO;1
严涡ZOO;1
严涡ZOO;1
严涡ZOO;1
严涡ZOO;1
严涡ZOO;1
严涡ZOO;1
严涡ZOO;1
严涡ZOO;1
严涡ZOO;1
严涡ZOO;1
严涡ZOO;1
严涡ZOO;1
严涡ZOO;1
严涡ZOO;1
严涡ZOO;1
严涡ZOO;1
严涡ZOO;1
严涡ZOO;1
严涡ZOO;1
严涡ZOO;1
严涡ZOO;1
严涡ZOO;1
严涡ZOO;1
严涡ZOO;1
严涡ZOO;1
严涡ZOO;1
严涡ZOO;1
严涡ZOO;1
严涡ZOO;1
严涡ZOO;1
严涡ZOO;1
严涡ZOO;1
严涡ZOO;1
严涡ZOO;1
严涡ZOO;1
严涡ZOO;1
严涡ZOO;1
严涡ZOO;1
严涡ZOO;1
严涡ZOO;1
严涡ZOO;1
严涡ZOO;1
严涡ZOO;1
严涡ZOO;1
严涡ZOO;1
严涡ZOO;1
严涡ZOO;1
严涡ZOO;1
严涡ZOO;1
严涡ZOO;1
严涡ZOO;1
严涡ZOO;1
严涡ZOO;1
严涡ZOO;1
严涡ZOO;1
严涡ZOO;1
严涡ZOO;1
严涡ZOO;1
严涡ZOO;1
严涡ZOO;1
严涡ZOO;1
严涡ZOO;1
严涡ZOO;1
严涡ZOO;1
严涡ZOO;1
严涡ZOO;1
严涡ZOO;1
严涡ZOO;1
严涡ZOO;1
严涡ZOO;1
严涡ZOO;1
严涡ZOO;1
严涡ZOO;1
严涡ZOO;1
严涡ZOO;1
严涡ZOO;1
严涡ZOO;1
严涡ZOO;1
严涡ZOO;1
严涡ZOO;1
严涡ZOO;1
严涡ZOO;1
严涡ZOO;1
严涡ZOO;1
严涡ZOO;1
严涡ZOO;1
严涡ZOO;1
严涡ZOO;1
严涡ZOO;1
严涡ZOO;1
严涡ZOO;1
严涡ZOO;1
严涡ZOO;1
严涡ZOO;1
严涡ZOO;1
严涡ZOO;1
严涡ZOO;1
严涡ZOO;1
严涡ZOO;1
严涡ZOO;1
严涡ZOO;1
严涡ZOO;1
严涡ZOO;1
严涡ZOO;1
严涡ZOO;1
严涡ZOO;1
严涡ZOO;1
严涡ZOO;1
严涡ZOO;1
严涡ZOO;1
严涡ZOO;1
严涡ZOO;1
严涡ZOO;1
严涡ZOO;1
严涡ZOO;1
严涡ZOO;1
严涡ZOO;1
严涡ZOO;1
严涡ZOO;1
严涡ZOO;1
严涡ZOO;1
严涡ZOO;1
严涡ZOO;1
严涡ZOO;1
严涡ZOO;1
严涡ZOO;1
严涡ZOO;1
严涡ZOO;1
严涡ZOO;1
严涡ZOO;1
严涡ZOO;1
严涡ZOO;1
严涡ZOO;1
严涡ZOO;1
严涡ZOO;1
严涡ZOO;1
严涡ZOO;1
严涡ZOO;1
严涡ZOO;1
严涡ZOO;1
严涡ZOO;1
严涡ZOO;1
严涡ZOO;1
严涡ZOO;1
严涡ZOO;1
严涡ZOO;1
严涡ZOO;1
严涡ZOO;1
严涡ZOO;1
严涡ZOO;1
严涡ZOO;1
严涡ZOO;1
严涡ZOO;1
严涡ZOO;1
严涡ZOO;1
严涡ZOO;1
严涡ZOO;1
严涡ZOO;1
严涡ZOO;1
严涡ZOO;1
严涡ZOO;1
严涡ZOO;1
严涡ZOO;1
严涡ZOO;1
严涡ZOO;1
严涡ZOO;1
严涡ZOO;1
严涡ZOO;1
严涡ZOO;1
严涡ZOO;1
严涡ZOO;1
严涡ZOO;1
严涡ZOO;1
严涡ZOO;1
严涡ZOO;1
严涡ZOO;1
严涡ZOO;1
严涡ZOO;1
严涡ZOO;1
严涡ZOO;1
严涡ZOO;1
严涡ZOO;1
严涡ZOO;1
严涡ZOO;1
严涡ZOO;1
严涡ZOO;1
严涡ZOO;1
严涡ZOO;1
严涡ZOO;1
严涡ZOO;1
严涡ZOO;1
严涡ZOO;1
严涡ZOO;1
严涡ZOO;1
严涡ZOO;1
严涡ZOO;1
严涡ZOO;1
严涡ZOO;1
严涡ZOO;1
严涡ZOO;1
严涡ZOO;1
严涡ZOO;1
严涡ZOO;1
严涡ZOO;1
严涡ZOO;1
严涡ZOO;1
严涡ZOO;1
严涡ZOO;1
严涡ZOO;1
严涡ZOO;1
严涡ZOO;1
严涡ZOO;1
严涡ZOO;1
严涡ZOO;1
严涡ZOO;1
严涡ZOO;1
严涡ZOO;1
严涡ZOO;1
严涡ZOO;1
严涡ZOO;1
严涡ZOO;1
严涡ZOO;1
严涡ZOO;1
严涡ZOO;1
严涡ZOO;1
严涡ZOO;1
严涡ZOO;1
严涡ZOO;1
严涡ZOO;1
严涡ZOO;1
严涡ZOO;1
严涡ZOO;1
严涡ZOO;1
严涡ZOO;1
严涡ZOO;1
严涡ZOO;1
严涡ZOO;1
严涡ZOO;1
严涡ZOO;1
严涡ZOO;1
严涡ZOO;1
严涡ZOO;1
严涡ZOO;1
严涡ZOO;1
严涡ZOO;1
严涡ZOO;1
严涡ZOO;1
严涡ZOO;1
严涡ZOO;1
严涡ZOO;1
严涡ZOO;1
严涡ZOO;1
严涡ZOO;1
严涡ZOO;1
严涡ZOO;1
严涡ZOO;1
严涡ZOO;1
严涡ZOO;1
严涡ZOO;1
严涡ZOO;1
严涡ZOO;1
严涡ZOO;1
严涡ZOO;1
严涡ZOO;1
严涡ZOO;1
严涡ZOO;1
严涡ZOO;1
严涡ZOO;1
严涡ZOO;1
严涡ZOO;1
严涡ZOO;1
严涡ZOO;1
严涡ZOO;1
严涡ZOO;1
严涡ZOO;1
严涡ZOO;1
严涡ZOO;1
严涡ZOO;1
严涡ZOO;1
严涡ZOO;1
严涡ZOO;1
严涡ZOO;1
严涡ZOO;1
严涡ZOO;1
严涡ZOO;1
严涡ZOO;1
严涡ZOO;1
严涡ZOO;1
严涡ZOO;1
严涡ZOO;1
严涡ZOO;1
严涡ZOO;1
严涡ZOO;1
严涡ZOO;1
严涡ZOO;1
严涡ZOO;1
严涡ZOO;1
严涡ZOO;1
严涡ZOO;1
严涡ZOO;1
严涡ZOO;1
严涡ZOO;1
严涡ZOO;1
严涡ZOO;1
严涡ZOO;1
严涡ZOO;1
严涡ZOO;1
严涡ZOO;1
严涡ZOO;1
严涡ZOO;1
严涡ZOO;1
严涡ZOO;1
严涡ZOO;1
严涡ZOO;1
严涡ZOO;1
严涡ZOO;1
严涡ZOO;1
严涡ZOO;1
严涡ZOO;1
严涡ZOO;1
严涡ZOO;1
严涡ZOO;1
严涡ZOO;1
严涡ZOO;1
严涡ZOO;1
严涡ZOO;1
严涡ZOO;1
严涡ZOO;1
严涡ZOO;1
严涡ZOO;1
严涡ZOO;1
严涡ZOO;1
严涡ZOO;1
严涡ZOO;1
严涡ZOO;1
严涡ZOO;1
严涡ZOO;1
严涡ZOO;1
严涡ZOO;1
严涡ZOO;1
严涡ZOO;1
严涡ZOO;1
严涡ZOO;1
严涡ZOO;1
严涡ZOO;1
严涡ZOO;1
严涡ZOO;1
严涡ZOO;1
严涡ZOO;1
严涡ZOO;1
严涡ZOO;1
严涡ZOO;1
严涡ZOO;1
严涡ZOO;1
严涡ZOO;1
严涡ZOO;1
严涡ZOO;1
严涡ZOO;1
严涡ZOO;1
严涡ZOO;1
严涡ZOO;1
严涡ZOO;1
严涡ZOO;1
严涡ZOO;1
严涡ZOO;1
严涡ZOO;1
严涡ZOO;1
严涡ZOO;1
严涡ZOO;1
严涡ZOO;1
严涡ZOO;1
严涡ZOO;1
严涡ZOO;1
严涡ZOO;1
严涡ZOO;1
严涡ZOO;1
严涡ZOO;1
严涡ZOO;1
严涡ZOO;1
严涡ZOO;1
严涡ZOO;1
严涡ZOO;1
严涡ZOO;1
严涡ZOO;1
严涡ZOO;1
严涡ZOO;1
严涡ZOO;1
严涡ZOO;1
严涡ZOO;1
严涡ZOO;1
严涡ZOO;1
严涡ZOO;1
严涡ZOO;1
严涡ZOO;1
严涡ZOO;1
严涡ZOO;1
严涡ZOO;1
严涡ZOO;1
严涡ZOO;1
严涡ZOO;1
严涡ZOO;1
严涡ZOO;1
严涡ZOO;1
严涡ZOO;1
严涡ZOO;1
严涡ZOO;1
严涡ZOO;1
严涡ZOO;1
严涡ZOO;1
严涡ZOO;1
严涡ZOO;1
严涡ZOO;1
严涡ZOO;1
严涡ZOO;1
严涡ZOO;1
严涡ZOO;1
严涡ZOO;1
严涡ZOO;1
严涡ZOO;1
严涡ZOO;1
严涡ZOO;1
严涡ZOO;1
严涡ZOO;1
严涡ZOO;1
严涡ZOO;1
严涡ZOO;1
严涡ZOO;1
严涡ZOO;1
严涡ZOO;1
严涡ZOO;1
严涡ZOO;1
严涡ZOO;1
严涡ZOO;1
严涡ZOO;1
严涡ZOO;1
严涡ZOO;1
严涡ZOO;1
严涡ZOO;1
严涡ZOO;1
严涡ZOO;1
严涡ZOO;1
严涡ZOO;1
严涡ZOO;1
严涡ZOO;1
严涡ZOO;1
严涡ZOO;1
严涡ZOO;1
严涡ZOO;1
严涡ZOO;1
严涡ZOO;1
严涡ZOO;1
严涡ZOO;1
严涡ZOO;1
严涡ZOO;1
严涡ZOO;1
严涡ZOO;1
严涡ZOO;1
严涡ZOO;1
严涡ZOO;1
严涡ZOO;1
严涡ZOO;1
严涡ZOO;1
严涡ZOO;1
严涡ZOO;1
严涡ZOO;1
严涡ZOO;1
严涡ZOO;1
严涡ZOO;1
严涡ZOO;1
严涡ZOO;1
严涡ZOO;1
严涡ZOO;1
严涡ZOO;1
严涡ZOO;1
严涡ZOO;1
严涡ZOO;1
严涡ZOO;1
严涡ZOO;1
严涡ZOO;1
严涡ZOO;1
严涡ZOO;1
严涡ZOO;1
严涡ZOO;1
严涡ZOO;1
严涡ZOO;1
严涡ZOO;1
严涡ZOO;1
严涡ZOO;1
严涡ZOO;1
严涡ZOO;1
严涡ZOO;1
严涡ZOO;1
严涡ZOO;1
严涡ZOO;1
严涡ZOO;1
严涡ZOO;1
严涡ZOO;1
严涡ZOO;1
严涡ZOO;1
严涡ZOO;1
严涡ZOO;1
严涡ZOO;1
严涡ZOO;1
严涡ZOO;1
严涡ZOO;1
严涡ZOO;1
严涡ZOO;1
严涡ZOO;1
严涡ZOO;1
严涡ZOO;1
严涡ZOO;1
严涡ZOO;1
严涡ZOO;1
严涡ZOO;1
严涡ZOO;1
严涡ZOO;1
严涡ZOO;1
严涡ZOO;1
严涡ZOO;1
严涡ZOO;1
严涡ZOO;1
严涡ZOO;1
严涡ZOO;1
严涡ZOO;1
严涡ZOO;1
严涡ZOO;1
严涡ZOO;1
严涡ZOO;1
严涡ZOO;1
严涡ZOO;1
严涡ZOO;1
严涡ZOO;1
严涡ZOO;1
严涡ZOO;1
严涡ZOO;1
严涡ZOO;1
严涡ZOO;1
严涡ZOO;1
严涡ZOO;1
严涡ZOO;1
严涡ZOO;1
严涡ZOO;1
严涡ZOO;1
严涡ZOO;1
严涡ZOO;1
严涡ZOO;1
严涡ZOO;1
严涡ZOO;1
严涡ZOO;1
严涡ZOO;1
严涡ZOO;1
严涡ZOO;1
严涡ZOO;1
严涡ZOO;1
严涡ZOO;1
严涡ZOO;1
严涡ZOO;1
严涡ZOO;1
严涡ZOO;1
严涡ZOO;1
严涡ZOO;1
严涡ZOO;1
严涡ZOO;1
严涡ZOO;1
严涡ZOO;1
严涡ZOO;1
严涡ZOO;1
严涡ZOO;1
严涡ZOO;1
严涡ZOO;1
严涡ZOO;1
严涡ZOO;1
严涡ZOO;1
严涡ZOO;1
严涡ZOO;1
严涡ZOO;1
严涡ZOO;1
严涡ZOO;1
严涡ZOO;1
严涡ZOO;1
严涡ZOO;1
严涡ZOO;1
严涡ZOO;1
严涡ZOO;1
严涡ZOO;1
严涡ZOO;1
严涡ZOO;1
严涡ZOO;1
严涡ZOO;1
严涡ZOO;1
严涡ZOO;1
严涡ZOO;1
严涡ZOO;1
严涡ZOO;1
严涡ZOO;1
严涡ZOO;1
严涡ZOO;1
严涡ZOO;1
严涡ZOO;1
严涡ZOO;1
严涡ZOO;1
严涡ZOO;1
严涡ZOO;1
严涡ZOO;1
严涡ZOO;1
严涡ZOO;1
严涡ZOO;1
严涡ZOO;1
严涡ZOO;1
严涡ZOO;1
严涡ZOO;1
严涡ZOO;1
严涡ZOO;1
严涡ZOO;1
严涡ZOO;1
严涡ZOO;1
严涡ZOO;1
严涡ZOO;1
严涡ZOO;1
严涡ZOO;1
严涡ZOO;1
严涡ZOO;1
严涡ZOO;1
严涡ZOO;1
严涡ZOO;1
严涡ZOO;1
严涡ZOO;1
严涡ZOO;1
严涡ZOO;1
严涡ZOO;1
严涡ZOO;1
严涡ZOO;1
严涡ZOO;1
严涡ZOO;1
严涡ZOO;1
严涡ZOO;1
严涡ZOO;1
严涡ZOO;1
严涡ZOO;1
严涡ZOO;1
严涡ZOO;1
严涡ZOO;1
严涡ZOO;1
严涡ZOO;1
严涡ZOO;1
严涡ZOO;1
严涡ZOO;1
严涡ZOO;1
严涡ZOO;1
严涡ZOO;1
严涡ZOO;1
严涡ZOO;1
严涡ZOO;1
严涡ZOO;1
严涡ZOO;1
严涡ZOO;1
严涡ZOO;1
严涡ZOO;1
严涡ZOO;1
严涡ZOO;1
严涡ZOO;1
严涡ZOO;1
严涡ZOO;1
严涡ZOO;1
严涡ZOO;1
严涡ZOO;1
严涡ZOO;1
严涡ZOO;1
严涡ZOO;1
严涡ZOO;1
严涡ZOO;1
严涡ZOO;1
严涡ZOO;1
严涡ZOO;1
严涡ZOO;1
严涡ZOO;1
严涡ZOO;1
严涡ZOO;1
严涡ZOO;1
严涡ZOO;1
严涡ZOO;1
严涡ZOO;1
严涡ZOO;1
严涡ZOO;1
严涡ZOO;1
严涡ZOO;1
严涡ZOO;1
严涡ZOO;1
严涡ZOO;1
严涡ZOO;1
严涡ZOO;1
严涡ZOO;1
严涡ZOO;1
严涡ZOO;1
严涡ZOO;1
严涡ZOO;1
严涡ZOO;1
严涡ZOO;1
严涡ZOO;1
严涡ZOO;1
严涡ZOO;1
严涡ZOO;1
严涡ZOO;1
严涡ZOO;1
严涡ZOO;1
严涡ZOO;1
严涡ZOO;1
严涡ZOO;1
严涡ZOO;1
严涡ZOO;1
严涡ZOO;1
严涡ZOO;1
严涡ZOO;1
严涡ZOO;1
严涡ZOO;1
严涡ZOO;1
严涡ZOO;1
严涡ZOO;1
严涡ZOO;1
严涡ZOO;1
严涡ZOO;1
严涡ZOO;1
严涡ZOO;1
严涡ZOO;1
严涡ZOO;1
严涡ZOO;1
严涡ZOO;1
严涡ZOO;1
严涡ZOO;1
严涡ZOO;1
严涡ZOO;1
严涡ZOO;1
严涡ZOO;1
严涡ZOO;1
严涡ZOO;1
严涡ZOO;1
严涡ZOO;1
严涡ZOO;1
严涡ZOO;1
严涡ZOO;1
严涡ZOO;1
严涡ZOO;1
严涡ZOO;1
严涡ZOO;1
严涡ZOO;1
严涡ZOO;1
严涡ZOO;1
严涡ZOO;1
严涡ZOO;1
严涡ZOO;1
严涡ZOO;1
严涡ZOO;1
严涡ZOO;1
严涡ZOO;1
严涡ZOO;1
严涡ZOO;1
严涡ZOO;1
严涡ZOO;1
严涡ZOO;1
严涡ZOO;1
严涡ZOO;1
严涡ZOO;1
严涡ZOO;1
严涡ZOO;1
严涡ZOO;1
严涡ZOO;1
严涡ZOO;1
严涡ZOO;1
严涡ZOO;1
严涡ZOO;1
严涡ZOO;1
严涡ZOO;1
严涡ZOO;1
严涡ZOO;1
严涡ZOO;1
严涡ZOO;1
严涡ZOO;1
严涡ZOO;1
严涡ZOO;1
严涡ZOO;1
严涡ZOO;1
严涡ZOO;1
严涡ZOO;1
严涡ZOO;1
严涡ZOO;1
严涡ZOO;1
严涡ZOO;1
严涡ZOO;1
严涡ZOO;1
严涡ZOO;1
严涡ZOO;1
严涡ZOO;1
严涡ZOO;1
严涡ZOO;1
严涡ZOO;1
严涡ZOO;1
严涡ZOO;1
严涡ZOO;1
严涡ZOO;1
严涡ZOO;1
严涡ZOO;1
严涡ZOO;1
严涡ZOO;1
严涡ZOO;1
严涡ZOO;1
严涡ZOO;1
严涡ZOO;1
严涡ZOO;1
严涡ZOO;1
严涡ZOO;1
严涡ZOO;1
严涡ZOO;1
严涡ZOO;1
严涡ZOO;1
严涡ZOO;1
严涡ZOO;1
严涡ZOO;1
严涡ZOO;1
严涡ZOO;1
严涡ZOO;1
严涡ZOO;1
严涡ZOO;1
严涡ZOO;1
严涡ZOO;1
严涡ZOO;1
严涡ZOO;1
严涡ZOO;1
严涡ZOO;1
严涡ZOO;1
严涡ZOO;1
严涡ZOO;1
严涡ZOO;1
严涡ZOO;1
严涡ZOO;1
严涡ZOO;1
严涡ZOO;1
严涡ZOO;1
严涡ZOO;1
严涡ZOO;1
严涡ZOO;1
严涡ZOO;1
严涡ZOO;1
严涡ZOO;1
严涡ZOO;1
严涡ZOO;1
严涡ZOO;1
严涡ZOO;1
严涡ZOO;1
严涡ZOO;1
严涡ZOO;1
严涡ZOO;1
严涡ZOO;1
严涡ZOO;1
严涡ZOO;1
严涡ZOO;1
严涡ZOO;1
严涡ZOO;1
严涡ZOO;1
严涡ZOO;1
严涡ZOO;1
严涡ZOO;1
严涡ZOO;1
严涡ZOO;1
严涡ZOO;1
严涡ZOO;1
严涡ZOO;1
严涡ZOO;1
严涡ZOO;1
严涡ZOO;1
严涡ZOO;1
严涡ZOO;1
严涡ZOO;1
严涡ZOO;1
严涡ZOO;1
严涡ZOO;1
严涡ZOO;1
严涡ZOO;1
严涡ZOO;1
严涡ZOO;1
严涡ZOO;1
严涡ZOO;1
严涡ZOO;1
严涡ZOO;1
严涡ZOO;1
严涡ZOO;1
严涡ZOO;1
严涡ZOO;1
严涡ZOO;1
严涡ZOO;1
严涡ZOO;1
严涡ZOO;1
严涡ZOO;1
严涡ZOO;1
严涡ZOO;1
严涡ZOO;1
严涡ZOO;1
严涡ZOO;1
严涡ZOO;1
严涡ZOO;1
严涡ZOO;1
严涡ZOO;1
严涡ZOO;1
严涡ZOO;1
严涡ZOO;1
严涡ZOO;1
严涡ZOO;1
严涡ZOO;1
严涡ZOO;1
严涡ZOO;1
严涡ZOO;1
严涡ZOO;1
严涡ZOO;1
严涡ZOO;1
严涡ZOO;1
严涡ZOO;1
严涡ZOO;1
严涡ZOO;1
严涡ZOO;1
严涡ZOO;1
严涡ZOO;1
严涡ZOO;1
严涡ZOO;1
严涡ZOO;1
严涡ZOO;1
严涡ZOO;1
严涡ZOO;1
严涡ZOO;1
严涡ZOO;1
严涡ZOO;1
严涡ZOO;1
严涡ZOO;1
严涡ZOO;1
严涡ZOO;1
严涡ZOO;1
严涡ZOO;1
严涡ZOO;1
严涡ZOO;1
严涡ZOO;1
严涡ZOO;1
严涡ZOO;1
严涡ZOO;1
严涡ZOO;1
严涡ZOO;1
严涡ZOO;1
严涡ZOO;1
严涡ZOO;1
严涡ZOO;1
严涡ZOO;1
严涡ZOO;1
严涡ZOO;1
严涡ZOO;1
严涡ZOO;1
严涡ZOO;1
严涡ZOO;1
严涡ZOO;1
严涡ZOO;1
严涡ZOO;1
严涡ZOO;1
严涡ZOO;1
严涡ZOO;1
严涡ZOO;1
严涡ZOO;1
严涡ZOO;1
严涡ZOO;1
严涡ZOO;1
严涡ZOO;1
严涡ZOO;1
严涡ZOO;1
严涡ZOO;1
严涡ZOO;1
严涡ZOO;1
严涡ZOO;1
严涡ZOO;1
严涡ZOO;1
严涡ZOO;1
严涡ZOO;1
严涡ZOO;1
严涡ZOO;1
严涡ZOO;1
严涡ZOO;1
严涡ZOO;1
严涡ZOO;1
严涡ZOO;1
严涡ZOO;1
严涡ZOO;1
严涡ZOO;1
严涡ZOO;1
严涡ZOO;1
严涡ZOO;1
严涡ZOO;1
严涡ZOO;1
严涡ZOO;1
严涡ZOO;1
严涡ZOO;1
严涡ZOO;1
严涡ZOO;1
严涡ZOO;1
严涡ZOO;1
严涡ZOO;1
严涡ZOO;1
严涡ZOO;1
严涡ZOO;1
严涡ZOO;1
严涡ZOO;1
严涡ZOO;1
严涡ZOO;1
严涡ZOO;1
严涡ZOO;1
严涡ZOO;1
严涡ZOO;1
严涡ZOO;1
严涡ZOO;1
严涡ZOO;1
严涡ZOO;1
严涡ZOO;1
严涡ZOO;1
严涡ZOO;1
严涡ZOO;1
严涡ZOO;1
严涡ZOO;1
严涡ZOO;1
严涡ZOO;1
严涡ZOO;1
严涡ZOO;1
严涡ZOO;1
严涡ZOO;1
严涡ZOO;1
严涡ZOO;1
严涡ZOO;1
严涡ZOO;1
严涡ZOO;1
严涡ZOO;1
严涡ZOO;1
严涡ZOO;1
严涡ZOO;1
严涡ZOO;1
严涡ZOO;1
严涡ZOO;1
严涡ZOO;1
严涡ZOO;1
严涡ZOO;1
严涡ZOO;1
严涡ZOO;1
严涡ZOO;1
严涡ZOO;1
严涡ZOO;1
严涡ZOO;1
严涡ZOO;1
严涡ZOO;1
严涡ZOO;1
严涡ZOO;1
严涡ZOO;1
严涡ZOO;1
严涡ZOO;1
严涡ZOO;1
严涡ZOO;1
严涡ZOO;1
严涡ZOO;1
严涡ZOO;1
严涡ZOO;1
严涡ZOO;1
严涡ZOO;1
严涡ZOO;1
严涡ZOO;1
严涡ZOO;1
严涡ZOO;1
严涡ZOO;1
严涡ZOO;1
严涡ZOO;1
严涡ZOO;1
严涡ZOO;1
严涡ZOO;1
严涡ZOO;1
严涡ZOO;1
严涡ZOO;1
严涡ZOO;1
严涡ZOO;1
严涡ZOO;1
严涡ZOO;1
严涡ZOO;1
严涡ZOO;1
严涡ZOO;1
严涡ZOO;1
严涡ZOO;1
严涡ZOO;1
严涡ZOO;1
严涡ZOO;1
严涡ZOO;1
严涡ZOO;1
严涡ZOO;1
严涡ZOO;1
严涡ZOO;1
严涡ZOO;1
严涡ZOO;1
严涡ZOO;1
严涡ZOO;1
严涡ZOO;1
严涡ZOO;1
严涡ZOO;1
严涡ZOO;1
严涡ZOO;1
严涡ZOO;1
严涡ZOO;1
严涡ZOO;1
严涡ZOO;1
严涡ZOO;1
严涡ZOO;1
严涡ZOO;1
严涡ZOO;1
严涡ZOO;1
严涡ZOO;1
严涡ZOO;1
严涡ZOO;1
严涡ZOO;1
严涡ZOO;1
严涡ZOO;1
严涡ZOO;1
严涡ZOO;1
严涡ZOO;1
严涡ZOO;1
严涡ZOO;1
严涡ZOO;1
严涡ZOO;1
严涡ZOO;1
严涡ZOO;1
严涡ZOO;1
严涡ZOO;1
严涡ZOO;1
严涡ZOO;1
严涡ZOO;1
严涡ZOO;1
严涡ZOO;1
严涡ZOO;1
严涡ZOO;1
严涡ZOO;1
严涡ZOO;1
严涡ZOO;1
严涡ZOO;1
严涡ZOO;1
严涡ZOO;1
严涡ZOO;1
严涡ZOO;1
严涡ZOO;1
严涡ZOO;1
严涡ZOO;1
严涡ZOO;1
严涡ZOO;1
严涡ZOO;1
严涡ZOO;1
严涡ZOO;1
严涡ZOO;1
严涡ZOO;1
严涡ZOO;1
严涡ZOO;1
严涡ZOO;1
严涡ZOO;1
严涡ZOO;1
严涡ZOO;1
严涡ZOO;1
严涡ZOO;1
严涡ZOO;1
严涡ZOO;1
严涡ZOO;1
严涡ZOO;1
严涡ZOO;1
严涡ZOO;1
严涡ZOO;1
严涡ZOO;1
严涡ZOO;1
严涡ZOO;1
严涡ZOO;1
严涡ZOO;1
严涡ZOO;1
严涡ZOO;1
严涡ZOO;1
严涡ZOO;1
严涡ZOO;1
严涡ZOO;1
严涡ZOO;1
严涡ZOO;1
严涡ZOO;1
严涡ZOO;1
严涡ZOO;1
严涡ZOO;1
严涡ZOO;1
严涡ZOO;1
严涡ZOO;1
严涡ZOO;1
严涡ZOO;1
严涡ZOO;1
严涡ZOO;1
严涡ZOO;1
严涡ZOO;1
严涡ZOO;1
严涡ZOO;1
严涡ZOO;1
严涡ZOO;1
严涡ZOO;1
严涡ZOO;1
严涡ZOO;1
严涡ZOO;1
严涡ZOO;1
严涡ZOO;1
严涡ZOO;1
严涡ZOO;1
严涡ZOO;1
严涡ZOO;1
严涡ZOO;1
严涡ZOO;1
严涡ZOO;1
严涡ZOO;1
严涡ZOO;1
严涡ZOO;1
严涡ZOO;1
严涡ZOO;1
严涡ZOO;1
严涡ZOO;1
严涡ZOO;1
严涡ZOO;1
严涡ZOO;1
严涡ZOO;1
严涡ZOO;1
严涡ZOO;1
严涡ZOO;1
严涡ZOO;1
严涡ZOO;1
严涡ZOO;1
严涡ZOO;1
严涡ZOO;1
严涡ZOO;1
严涡ZOO;1
严涡ZOO;1
严涡ZOO;1
严涡ZOO;1
严涡ZOO;1
严涡ZOO;1
严涡ZOO;1
严涡ZOO;1
严涡ZOO;1
严涡ZOO;1
严涡ZOO;1
严涡ZOO;1
严涡ZOO;1
严涡ZOO;1
严涡ZOO;1
严涡ZOO;1
严涡ZOO;1
严涡ZOO;1
严涡ZOO;1
严涡ZOO;1
严涡ZOO;1
严涡ZOO;1
严涡ZOO;1
严涡ZOO;1
严涡ZOO;1
严涡ZOO;1
严涡ZOO;1
严涡ZOO;1
严涡ZOO;1
严涡ZOO;1
严涡ZOO;1
严涡ZOO;1
严涡ZOO;1
严涡ZOO;1
严涡ZOO;1
严涡ZOO;1
严涡ZOO;1
严涡ZOO;1
严涡ZOO;1
严涡ZOO;1
严涡ZOO;1
严涡ZOO;1
严涡ZOO;1
严涡ZOO;1
严涡ZOO;1
严涡ZOO;1
严涡ZOO;1
严涡ZOO;1
严涡ZOO;1
严涡ZOO;1
严涡ZOO;1
严涡ZOO;1
严涡ZOO;1
严涡ZOO;1
严涡ZOO;1
严涡ZOO;1
严涡ZOO;1
严涡ZOO;1
严涡ZOO;1
严涡ZOO;1
严涡ZOO;1
严涡ZOO;1
严涡ZOO;1
严涡ZOO;1
严涡ZOO;1
严涡ZOO;1
严涡ZOO;1
严涡ZOO;1
严涡ZOO;1
严涡ZOO;1
严涡ZOO;1
严涡ZOO;1
严涡ZOO;1
严涡ZOO;1
严涡ZOO;1
严涡ZOO;1
严涡ZOO;1
严涡ZOO;1
严涡ZOO;1
严涡ZOO;1
严涡ZOO;1
严涡ZOO;1
严涡ZOO;1
严涡ZOO;1
严涡ZOO;1
严涡ZOO;1
严涡ZOO;1
严涡ZOO;1
严涡ZOO;1
严涡ZOO;1
严涡ZOO;1
严涡ZOO;1
严涡ZOO;1
严涡ZOO;1
严涡ZOO;1
严涡ZOO;1
严涡ZOO;1
严涡ZOO;1
严涡ZOO;1
严涡ZOO;1
严涡ZOO;1
严涡ZOO;1
严涡ZOO;1
严涡ZOO;1
严涡ZOO;1
严涡ZOO;1
严涡ZOO;1
严涡ZOO;1
严涡ZOO;1
严涡ZOO;1
严涡ZOO;1
严涡ZOO;1
严涡ZOO;1
严涡ZOO;1
严涡ZOO;1
严涡ZOO;1
严涡ZOO;1
严涡ZOO;1
严涡ZOO;1
严涡ZOO;1
严涡ZOO;1
严涡ZOO;1
严涡ZOO;1
严涡ZOO;1
严涡ZOO;1
严涡ZOO;1
严涡ZOO;1
严涡ZOO;1
严涡ZOO;1
严涡ZOO;1
严涡ZOO;1
严涡ZOO;1
严涡ZOO;1
严涡ZOO;1
严涡ZOO;1
严涡ZOO;1
严涡ZOO;1
严涡ZOO;1
严涡ZOO;1
严涡ZOO;1
严涡ZOO;1
严涡ZOO;1
严涡ZOO;1
严涡ZOO;1
严涡ZOO;1
严涡ZOO;1
严涡ZOO;1
严涡ZOO;1
严涡ZOO;1
严涡ZOO;1
严涡ZOO;1
严涡ZOO;1
严涡ZOO;1
严涡ZOO;1
严涡ZOO;1
严涡ZOO;1
严涡ZOO;1
严涡ZOO;1
严涡ZOO;1
严涡ZOO;1
严涡ZOO;1
严涡ZOO;1
严涡ZOO;1
严涡ZOO;1
严涡ZOO;1
严涡ZOO;1
严涡ZOO;1
严涡ZOO;1
严涡ZOO;1
严涡ZOO;1
严涡ZOO;1
严涡ZOO;1
严涡ZOO;1
严涡ZOO;1
严涡ZOO;1
严涡ZOO;1
严涡ZOO;1
严涡ZOO;1
严涡ZOO;1
严涡ZOO;1
严涡ZOO;1
严涡ZOO;1
严涡ZOO;1
严涡ZOO;1
严涡ZOO;1
严涡ZOO;1
严涡ZOO;1
严涡ZOO;1
严涡ZOO;1
严涡ZOO;1
严涡ZOO;1
严涡ZOO;1
严涡ZOO;1
严涡ZOO;1
严涡ZOO;1
严涡ZOO;1
严涡ZOO;1
严涡ZOO;1
严涡ZOO;1
严涡ZOO;1
严涡ZOO;1
严涡ZOO;1
严涡ZOO;1
严涡ZOO;1
严涡ZOO;1
严涡ZOO;1
严涡ZOO;1
严涡ZOO;1
严涡ZOO;1
严涡ZOO;1
严涡ZOO;1
严涡ZOO;1
严涡ZOO;1
严涡ZOO;1
严涡ZOO;1
严涡ZOO;1
严涡ZOO;1
严涡ZOO;1
严涡ZOO;1
严涡ZOO;1
严涡ZOO;1
严涡ZOO;1
严涡ZOO;1
严涡ZOO;1
严涡ZOO;1
严涡ZOO;1
严涡ZOO;1
严涡ZOO;1
严涡ZOO;1
严涡ZOO;1
严涡ZOO;1
严涡ZOO;1
严涡ZOO;1
严涡ZOO;1
严涡ZOO;1
严涡ZOO;1
严涡ZOO;1
严涡ZOO;1
严涡ZOO;1
严涡ZOO;1
严涡ZOO;1
严涡ZOO;1
严涡ZOO;1
严涡ZOO;1
严涡ZOO;1
严涡ZOO;1
严涡ZOO;1
严涡ZOO;1
严涡ZOO;1
严涡ZOO;1
严涡ZOO;1
严涡ZOO;1
严涡ZOO;1
严涡ZOO;1
严涡ZOO;1
严涡ZOO;1
严涡ZOO;1
严涡ZOO;1
严涡ZOO;1
严涡ZOO;1
严涡ZOO;1
严涡ZOO;1
严涡ZOO;1
严涡ZOO;1
严涡ZOO;1
严涡ZOO;1
严涡ZOO;1
严涡ZOO;1
严涡ZOO;1
严涡ZOO;1
严涡ZOO;1
严涡ZOO;1
严涡ZOO;1
严涡ZOO;1
严涡ZOO;1
严涡ZOO;1
严涡ZOO;1
严涡ZOO;1
严涡ZOO;1
严涡ZOO;1
严涡ZOO;1
严涡ZOO;1
严涡ZOO;1
严涡ZOO;1
严涡ZOO;1
严涡ZOO;1
严涡ZOO;1
严涡ZOO;1
严涡ZOO;1
严涡ZOO;1
严涡ZOO;1
严涡ZOO;1
严涡ZOO;1
严涡ZOO;1
严涡ZOO;1
严涡ZOO;1
严涡ZOO;1
严涡ZOO;1
严涡ZOO;1
严涡ZOO;1
严涡ZOO;1
严涡ZOO;1
严涡ZOO;1
严涡ZOO;1
严涡ZOO;1
严涡ZOO;1
严涡ZOO;1
严涡ZOO;1
严涡ZOO;1
严涡ZOO;1
严涡ZOO;1
严涡ZOO;1
严涡ZOO;1
严涡ZOO;1
严涡ZOO;1
严涡ZOO;1
严涡ZOO;1
严涡ZOO;1
严涡ZOO;1
严涡ZOO;1
严涡ZOO;1
严涡ZOO;1
严涡ZOO;1
严涡ZOO;1
严涡ZOO;1
严涡ZOO;1
严涡ZOO;1
严涡ZOO;1
严涡ZOO;1
严涡ZOO;1
严涡ZOO;1
严涡ZOO;1
严涡ZOO;1
严涡ZOO;1
严涡ZOO;1
严涡ZOO;1
严涡ZOO;1
严涡ZOO;1
严涡ZOO;1
严涡ZOO;1
严涡ZOO;1
严涡ZOO;1
严涡ZOO;1
严涡ZOO;1
严涡ZOO;1
严涡ZOO;1
严涡ZOO;1
严涡ZOO;1
严涡ZOO;1
严涡ZOO;1
严涡ZOO;1
严涡ZOO;1
严涡ZOO;1
严涡ZOO;1
严涡ZOO;1
严涡ZOO;1
严涡ZOO;1
严涡ZOO;1
严涡ZOO;1
严涡ZOO;1
严涡ZOO;1
严涡ZOO;1
严涡ZOO;1
严涡ZOO;1
严涡ZOO;1
严涡ZOO;1
严涡ZOO;1
严涡ZOO;1
严涡ZOO;1
严涡ZOO;1
严涡ZOO;1
严涡ZOO;1
严涡ZOO;1
严涡ZOO;1
严涡ZOO;1
严涡ZOO;1
严涡ZOO;1
严涡ZOO;1
严涡ZOO;1
严涡ZOO;1
严涡ZOO;1
严涡ZOO;1
严涡ZOO;1
严涡ZOO;1
严涡ZOO;1
严涡ZOO;1
严涡ZOO;1
严涡ZOO;1
严涡ZOO;1
严涡ZOO;1
严涡ZOO;1
严涡ZOO;1
严涡ZOO;1
严涡ZOO;1
严涡ZOO;1
严涡ZOO;1
严涡ZOO;1
严涡ZOO;1
严涡ZOO;1
严涡ZOO;1
严涡ZOO;1
严涡ZOO;1
严涡ZOO;1
严涡ZOO;1
严涡ZOO;1
严涡ZOO;1
严涡ZOO;1
严涡ZOO;1
严涡ZOO;1
严涡ZOO;1
严涡ZOO;1
严涡ZOO;1
严涡ZOO;1
严涡ZOO;1
严涡ZOO;1
严涡ZOO;1
严涡ZOO;1
严涡ZOO;1
严涡ZOO;1
严涡ZOO;1
严涡ZOO;1
严涡ZOO;1
严涡ZOO;1
严涡ZOO;1
严涡ZOO;1
严涡ZOO;1
严涡ZOO;1
严涡ZOO;1
严涡ZOO;1
严涡ZOO;1
严涡ZOO;1
严涡ZOO;1
严涡ZOO;1
严涡ZOO;1
严涡ZOO;1
严涡ZOO;1
严涡ZOO;1
严涡ZOO;1
严涡ZOO;1
严涡ZOO;1
严涡ZOO;1
严涡ZOO;1
严涡ZOO;1
严涡ZOO;1
严涡ZOO;1
严涡ZOO;1
严涡ZOO;1
严涡ZOO;1
严涡ZOO;1
严涡ZOO;1
严涡ZOO;1
严涡ZOO;1
严涡ZOO;1
严涡ZOO;1
严涡ZOO;1
严涡ZOO;1
严涡ZOO;1
严涡ZOO;1
严涡ZOO;1
严涡ZOO;1
严涡ZOO;1
严涡ZOO;1
严涡ZOO;1
严涡ZOO;1
严涡ZOO;1
严涡ZOO;1
严涡ZOO;1
严涡ZOO;1
严涡ZOO;1
严涡ZOO;1
严涡ZOO;1
严涡ZOO;1
严涡ZOO;1
严涡ZOO;1
严涡ZOO;1
严涡ZOO;1
严涡ZOO;1
严涡ZOO;1
严涡ZOO;1
严涡ZOO;1
严涡ZOO;1
严涡ZOO;1
严涡ZOO;1
严涡ZOO;1
严涡ZOO;1
严涡ZOO;1
严涡ZOO;1
严涡ZOO;1
严涡ZOO;1
严涡ZOO;1
严涡ZOO;1
严涡ZOO;1
严涡ZOO;1
严涡ZOO;1
严涡ZOO;1
严涡ZOO;1
严涡ZOO;1
严涡ZOO;1
严涡ZOO;1
严涡ZOO;1
严涡ZOO;1
严涡ZOO;1
严涡ZOO;1
严涡ZOO;1
严涡ZOO;1
严涡ZOO;1
严涡ZOO;1
严涡ZOO;1
严涡ZOO;1
严涡ZOO;1
严涡ZOO;1
严涡ZOO;1
严涡ZOO;1
严涡ZOO;1
严涡ZOO;1
严涡ZOO;1
严涡ZOO;1
严涡ZOO;1
严涡ZOO;1
严涡ZOO;1
严涡ZOO;1
严涡ZOO;1
严涡ZOO;1
严涡ZOO;1
严涡ZOO;1
严涡ZOO;1
严涡ZOO;1
严涡ZOO;1
严涡ZOO;1
严涡ZOO;1
严涡ZOO;1
严涡ZOO;1
严涡ZOO;1
严涡ZOO;1
严涡ZOO;1
严涡ZOO;1
严涡ZOO;1
严涡ZOO;1
严涡ZOO;1
严涡ZOO;1
严涡ZOO;1
严涡ZOO;1
严涡ZOO;1
严涡ZOO;1
严涡ZOO;1
严涡ZOO;1
严涡ZOO;1
严涡ZOO;1
严涡ZOO;1
严涡ZOO;1
严涡ZOO;1
严涡ZOO;1
严涡ZOO;1
严涡ZOO;1
严涡ZOO;1
严涡ZOO;1
严涡ZOO;1
严涡ZOO;1
严涡ZOO;1
严涡ZOO;1
严涡ZOO;1
严涡ZOO;1
严涡ZOO;1
严涡ZOO;1
严涡ZOO;1
严涡ZOO;1
严涡ZOO;1
严涡ZOO;1
严涡ZOO;1
严涡ZOO;1
严涡ZOO;1
严涡ZOO;1
严涡ZOO;1
严涡ZOO;1
严涡ZOO;1
严涡ZOO;1
严涡ZOO;1
严涡ZOO;1
严涡ZOO;1
严涡ZOO;1
严涡ZOO;1
严涡ZOO;1
严涡ZOO;1
严涡ZOO;1
严涡ZOO;1
严涡ZOO;1
严涡ZOO;1
严涡ZOO;1
严涡ZOO;1
严涡ZOO;1
严涡ZOO;1
严涡ZOO;1
严涡ZOO;1
严涡ZOO;1
严涡ZOO;1
严涡ZOO;1
严涡ZOO;1
严涡ZOO;1
严涡ZOO;1
严涡ZOO;1
严涡ZOO;1
严涡ZOO;1
严涡ZOO;1
严涡ZOO;1
严涡ZOO;1
严涡ZOO;1
严涡ZOO;1
严涡ZOO;1
严涡ZOO;1
严涡ZOO;1
严涡ZOO;1
严涡ZOO;1
严涡ZOO;1
严涡ZOO;1
严涡ZOO;1
严涡ZOO;1
严涡ZOO;1
严涡ZOO;1
严涡ZOO;1
严涡ZOO;1
严涡ZOO;1
严涡ZOO;1
严涡ZOO;1
严涡ZOO;1
严涡ZOO;1
严涡ZOO;1
严涡ZOO;1
严涡ZOO;1
严涡ZOO;1
严涡ZOO;1
严涡ZOO;1
严涡ZOO;1
严涡ZOO;1
严涡ZOO;1
严涡ZOO;1
严涡ZOO;1
严涡ZOO;1
严涡ZOO;1
严涡ZOO;1
严涡ZOO;1
严涡ZOO;1
严涡ZOO;1
严涡ZOO;1
严涡ZOO;1
严涡ZOO;1
严涡ZOO;1
严涡ZOO;1
严涡ZOO;1
严涡ZOO;1
严涡ZOO;1
严涡ZOO;1
严涡ZOO;1
严涡ZOO;1
严涡ZOO;1
严涡ZOO;1
严涡ZOO;1
严涡ZOO;1
严涡ZOO;1
严涡ZOO;1
严涡ZOO;1
严涡ZOO;1
严涡ZOO;1
严涡ZOO;1
严涡ZOO;1
严涡ZOO;1
严涡ZOO;1
严涡ZOO;1
严涡ZOO;1
严涡ZOO;1
严涡ZOO;1
严涡ZOO;1
严涡ZOO;1
严涡ZOO;1
严涡ZOO;1
严涡ZOO;1
严涡ZOO;1
严涡ZOO;1
严涡ZOO;1
严涡ZOO;1
严涡ZOO;1
严涡ZOO;1
严涡ZOO;1
严涡ZOO;1
严涡ZOO;1
严涡ZOO;1
严涡ZOO;1
严涡ZOO;1
严涡ZOO;1
严涡ZOO;1
严涡ZOO;1
严涡ZOO;1
严涡ZOO;1
严涡ZOO;1
严涡ZOO;1
严涡ZOO;1
严涡ZOO;1
严涡ZOO;1
严涡ZOO;1
严涡ZOO;1
严涡ZOO;1
严涡ZOO;1
严涡ZOO;1
严涡ZOO;1
严涡ZOO;1
严涡ZOO;1
严涡ZOO;1
严涡ZOO;1
严涡ZOO;1
严涡ZOO;1
严涡ZOO;1
严涡ZOO;1
严涡ZOO;1
严涡ZOO;1
严涡ZOO;1
严涡ZOO;1
严涡ZOO;1
严涡ZOO;1
严涡ZOO;1
严涡ZOO;1
严涡ZOO;1
严涡ZOO;1
严涡ZOO;1
严涡ZOO;1
严涡ZOO;1
严涡ZOO;1
严涡ZOO;1
严涡ZOO;1
严涡ZOO;1
严涡ZOO;1
严涡ZOO;1
严涡ZOO;1
严涡ZOO;1
严涡ZOO;1
严涡ZOO;1
严涡ZOO;1
严涡ZOO;1
严涡ZOO;1
严涡ZOO;1
严涡ZOO;1
严涡ZOO;1
严涡ZOO;1
严涡ZOO;1
严涡ZOO;1
严涡ZOO;1
严涡ZOO;1
严涡ZOO;1
严涡ZOO;1
严涡ZOO;1
严涡ZOO;1
严涡ZOO;1
严涡ZOO;1
严涡ZOO;1
严涡ZOO;1
严涡ZOO;1
严涡ZOO;1
严涡ZOO;1
严涡ZOO;1
严涡ZOO;1
严涡ZOO;1
严涡ZOO;1
严涡ZOO;1
严涡ZOO;1
严涡ZOO;1
严涡ZOO;1
严涡ZOO;1
严涡ZOO;1
严涡ZOO;1
严涡ZOO;1
严涡ZOO;1
严涡ZOO;1
严涡ZOO;1
严涡ZOO;1
严涡ZOO;1
严涡ZOO;1
严涡ZOO;1
严涡ZOO;1
严涡ZOO;1
严涡ZOO;1
严涡ZOO;1
严涡ZOO;1
严涡ZOO;1
严涡ZOO;1
严涡ZOO;1
严涡ZOO;1
严涡ZOO;1
严涡ZOO;1
严涡ZOO;1
严涡ZOO;1
严涡ZOO;1
严涡ZOO;1
严涡ZOO;1
严涡ZOO;1
严涡ZOO;1
严涡ZOO;1
严涡ZOO;1
严涡ZOO;1
严涡ZOO;1
严涡ZOO;1
严涡ZOO;1
严涡ZOO;1
严涡ZOO;1
严涡ZOO;1
严涡ZOO;1
严涡ZOO;1
严涡ZOO;1
严涡ZOO;1
严涡ZOO;1
严涡ZOO;1
严涡ZOO;1
严涡ZOO;1
严涡ZOO;1
严涡ZOO;1
严涡ZOO;1
严涡ZOO;1
严涡ZOO;1
严涡ZOO;1
严涡ZOO;1
严涡ZOO;1
严涡ZOO;1
严涡ZOO;1
严涡ZOO;1
严涡ZOO;1
严涡ZOO;1
严涡ZOO;1
严涡ZOO;1
严涡ZOO;1
严涡ZOO;1
严涡ZOO;1
严涡ZOO;1
严涡ZOO;1
严涡ZOO;1
严涡ZOO;1
严涡ZOO;1
严涡ZOO;1
严涡ZOO;1
严涡ZOO;1
严涡ZOO;1
严涡ZOO;1
严涡ZOO;1
严涡ZOO;1
严涡ZOO;1
严涡ZOO;1
严涡ZOO;1
严涡ZOO;1
严涡ZOO;1
严涡ZOO;1
严涡ZOO;1
严涡ZOO;1
严涡ZOO;1
严涡ZOO;1
严涡ZOO;1
严涡ZOO;1
严涡ZOO;1
严涡ZOO;1
严涡ZOO;1
严涡ZOO;1
严涡ZOO;1
严涡ZOO;1
严涡ZOO;1
严涡ZOO;1
严涡ZOO;1
严涡ZOO;1
严涡ZOO;1
严涡ZOO;1
严涡ZOO;1
严涡ZOO;1
严涡ZOO;1
严涡ZOO;1
严涡ZOO;1
严涡ZOO;1
严涡ZOO;1
严涡ZOO;1
严涡ZOO;1
严涡ZOO;1
严涡ZOO;1
严涡ZOO;1
严涡ZOO;1
严涡ZOO;1
严涡ZOO;1
严涡ZOO;1
严涡ZOO;1
严涡ZOO;1
严涡ZOO;1
严涡ZOO;1
严涡ZOO;1
严涡ZOO;1
严涡ZOO;1
严涡ZOO;1
严涡ZOO;1
严涡ZOO;1
严涡ZOO;1
严涡ZOO;1
严涡ZOO;1
严涡ZOO;1
严涡ZOO;1
严涡ZOO;1
严涡ZOO;1
严涡ZOO;1
严涡ZOO;1
严涡ZOO;1
严涡ZOO;1
严涡ZOO;1
严涡ZOO;1
严涡ZOO;1
严涡ZOO;1
严涡ZOO;1
严涡ZOO;1
严涡ZOO;1
严涡ZOO;1
严涡ZOO;1
严涡ZOO;1
严涡ZOO;1
严涡ZOO;1
严涡ZOO;1
严涡ZOO;1
严涡ZOO;1
严涡ZOO;1
严涡ZOO;1
严涡ZOO;1
严涡ZOO;1
严涡ZOO;1
严涡ZOO;1
严涡ZOO;1
严涡ZOO;1
严涡ZOO;1
严涡ZOO;1
严涡ZOO;1
严涡ZOO;1
严涡ZOO;1
严涡ZOO;1
严涡ZOO;1
严涡ZOO;1
严涡ZOO;1
严涡ZOO;1
严涡ZOO;1
严涡ZOO;1
严涡ZOO;1
严涡ZOO;1
严涡ZOO;1
严涡ZOO;1
严涡ZOO;1
严涡ZOO;1
严涡ZOO;1
严涡ZOO;1
严涡ZOO;1
严涡ZOO;1
严涡ZOO;1
严涡ZOO;1
严涡ZOO;1
严涡ZOO;1
严涡ZOO;1
严涡ZOO;1
严涡ZOO;1
严涡ZOO;1
严涡ZOO;1
严涡ZOO;1
严涡ZOO;1
严涡ZOO;1
严涡ZOO;1
严涡ZOO;1
严涡ZOO;1
严涡ZOO;1
严涡ZOO;1
严涡ZOO;1
严涡ZOO;1
严涡ZOO;1
严涡ZOO;1
严涡ZOO;1
严涡ZOO;1
严涡ZOO;1
严涡ZOO;1
严涡ZOO;1
严涡ZOO;1
严涡ZOO;1
严涡ZOO;1
严涡ZOO;1
严涡ZOO;1
严涡ZOO;1
严涡ZOO;1
严涡ZOO;1
严涡ZOO;1
严涡ZOO;1
严涡ZOO;1
严涡ZOO;1
严涡ZOO;1
严涡ZOO;1
严涡ZOO;1
严涡ZOO;1
严涡ZOO;1
严涡ZOO;1
严涡ZOO;1
严涡ZOO;1
严涡ZOO;1
严涡ZOO;1
严涡ZOO;1
严涡ZOO;1
严涡ZOO;1
严涡ZOO;1
严涡ZOO;1
严涡ZOO;1
严涡ZOO;1
严涡ZOO;1
严涡ZOO;1
严涡ZOO;1
严涡ZOO;1
严涡ZOO;1
严涡ZOO;1
严涡ZOO;1
严涡ZOO;1
严涡ZOO;1
严涡ZOO;1
严涡ZOO;1
严涡ZOO;1
严涡ZOO;1
严涡ZOO;1
严涡ZOO;1
严涡ZOO;1
严涡ZOO;1
严涡ZOO;1
严涡ZOO;1
严涡ZOO;1
严涡ZOO;1
严涡ZOO;1
严涡ZOO;1
严涡ZOO;1
严涡ZOO;1
严涡ZOO;1
严涡ZOO;1
严涡ZOO;1
严涡ZOO;1
严涡ZOO;1
严涡ZOO;1
严涡ZOO;1
严涡ZOO;1
严涡ZOO;1
严涡ZOO;1
严涡ZOO;1
严涡ZOO;1
严涡ZOO;1
严涡ZOO;1
严涡ZOO;1
严涡ZOO;1
严涡ZOO;1
严涡ZOO;1
严涡ZOO;1
严涡ZOO;1
严涡ZOO;1
严涡ZOO;1
严涡ZOO;1
严涡ZOO;1
严涡ZOO;1
严涡ZOO;1
严涡ZOO;1
严涡ZOO;1
严涡ZOO;1
严涡ZOO;1
严涡ZOO;1
严涡ZOO;1
严涡ZOO;1
严涡ZOO;1
严涡ZOO;1
严涡ZOO;1
严涡ZOO;1
严涡ZOO;1
严涡ZOO;1
严涡ZOO;1
严涡ZOO;1
严涡ZOO;1
严涡ZOO;1
严涡ZOO;1
严涡ZOO;1
严涡ZOO;1
严涡ZOO;1
严涡ZOO;1
严涡ZOO;1
严涡ZOO;1
严涡ZOO;1
严涡ZOO;1
严涡ZOO;1
严涡ZOO;1
严涡ZOO;1
严涡ZOO;1
严涡ZOO;1
严涡ZOO;1
严涡ZOO;1
严涡ZOO;1
严涡ZOO;1
严涡ZOO;1
严涡ZOO;1
严涡ZOO;1
严涡ZOO;1
严涡ZOO;1
严涡ZOO;1
严涡ZOO;1
严涡ZOO;1
严涡ZOO;1
严涡ZOO;1
严涡ZOO;1
严涡ZOO;1
严涡ZOO;1
严涡ZOO;1
严涡ZOO;1
严涡ZOO;1
严涡ZOO;1
严涡ZOO;1
严涡ZOO;1
严涡ZOO;1
严涡ZOO;1
严涡ZOO;1
严涡ZOO;1
严涡ZOO;1
严涡ZOO;1
严涡ZOO;1
严涡ZOO;1
严涡ZOO;1
严涡ZOO;1
严涡ZOO;1
严涡ZOO;1
严涡ZOO;1
严涡ZOO;1
严涡ZOO;1
严涡ZOO;1
严涡ZOO;1
严涡ZOO;1
严涡ZOO;1
严涡ZOO;1
严涡ZOO;1
严涡ZOO;1
严涡ZOO;1
严涡ZOO;1
严涡ZOO;1
严涡ZOO;1
严涡ZOO;1
严涡ZOO;1
严涡ZOO;1
严涡ZOO;1
严涡ZOO;1
严涡ZOO;1
严涡ZOO;1
严涡ZOO;1
严涡ZOO;1
严涡ZOO;1
严涡ZOO;1
严涡ZOO;1
严涡ZOO;1
严涡ZOO;1
严涡ZOO;1
严涡ZOO;1
严涡ZOO;1
严涡ZOO;1
严涡ZOO;1
严涡ZOO;1
严涡ZOO;1
严涡ZOO;1
严涡ZOO;1
严涡ZOO;1
严涡ZOO;1
严涡ZOO;1
严涡ZOO;1
严涡ZOO;1
严涡ZOO;1
严涡ZOO;1
严涡ZOO;1
严涡ZOO;1
严涡ZOO;1
严涡ZOO;1
严涡ZOO;1
严涡ZOO;1
严涡ZOO;1
严涡ZOO;1
严涡ZOO;1
严涡ZOO;1
严涡ZOO;1
严涡ZOO;1
严涡ZOO;1
严涡ZOO;1
严涡ZOO;1
严涡ZOO;1
严涡ZOO;1
严涡ZOO;1
严涡ZOO;1
严涡ZOO;1
严涡ZOO;1
严涡ZOO;1
严涡ZOO;1
严涡ZOO;1
严涡ZOO;1
严涡ZOO;1
严涡ZOO;1
严涡ZOO;1
严涡ZOO;1
严涡ZOO;1
严涡ZOO;1
严涡ZOO;1
严涡ZOO;1
严涡ZOO;1
严涡ZOO;1
严涡ZOO;1
严涡ZOO;1
严涡ZOO;1
严涡ZOO;1
严涡ZOO;1
严涡ZOO;1
严涡ZOO;1
严涡ZOO;1
严涡ZOO;1
严涡ZOO;1
严涡ZOO;1
严涡ZOO;1
严涡ZOO;1
严涡ZOO;1
严涡ZOO;1
严涡ZOO;1
严涡ZOO;1
严涡ZOO;1
严涡ZOO;1
严涡ZOO;1
严涡ZOO;1
严涡ZOO;1
严涡ZOO;1
严涡ZOO;1
严涡ZOO;1
严涡ZOO;1
严涡ZOO;1
严涡ZOO;1
严涡ZOO;1
严涡ZOO;1
严涡ZOO;1
严涡ZOO;1
严涡ZOO;1
严涡ZOO;1
严涡ZOO;1
严涡ZOO;1
严涡ZOO;1
严涡ZOO;1
严涡ZOO;1
严涡ZOO;1
严涡ZOO;1
严涡ZOO;1
严涡ZOO;1
严涡ZOO;1
严涡ZOO;1
严涡ZOO;1
严涡ZOO;1
严涡ZOO;1
严涡ZOO;1
严涡ZOO;1
严涡ZOO;1
严涡ZOO;1
严涡ZOO;1
严涡ZOO;1
严涡ZOO;1
严涡ZOO;1
严涡ZOO;1
严涡ZOO;1
严涡ZOO;1
严涡ZOO;1
严涡ZOO;1
严涡ZOO;1
严涡ZOO;1
严涡ZOO;1
严涡ZOO;1
严涡ZOO;1
严涡ZOO;1
严涡ZOO;1
严涡ZOO;1
严涡ZOO;1
严涡ZOO;1
严涡ZOO;1
严涡ZOO;1
严涡ZOO;1
严涡ZOO;1
严涡ZOO;1
严涡ZOO;1
严涡ZOO;1
严涡ZOO;1
严涡ZOO;1
严涡ZOO;1
严涡ZOO;1
严涡ZOO;1
严涡ZOO;1
严涡ZOO;1
严涡ZOO;1
严涡ZOO;1
严涡ZOO;1
严涡ZOO;1
严涡ZOO;1
严涡ZOO;1
严涡ZOO;1
严涡ZOO;1
严涡ZOO;1
严涡ZOO;1
严涡ZOO;1
严涡ZOO;1
严涡ZOO;1
严涡ZOO;1
严涡ZOO;1
严涡ZOO;1
严涡ZOO;1
严涡ZOO;1
严涡ZOO;1
严涡ZOO;1
严涡ZOO;1
严涡ZOO;1
严涡ZOO;1
严涡ZOO;1
严涡ZOO;1
严涡ZOO;1
严涡ZOO;1
严涡ZOO;1
严涡ZOO;1
严涡ZOO;1
严涡ZOO;1
严涡ZOO;1
严涡ZOO;1
严涡ZOO;1
严涡ZOO;1
严涡ZOO;1
严涡ZOO;1
严涡ZOO;1
严涡ZOO;1
严涡ZOO;1
严涡ZOO;1
